,/p/project1/hai_1252/toulouse1/flexcraft/data/adapt/full_run_seed/2026-06-27_10:57:16_adapt_full_run_c4_1/3QDG+MAVMAPRTLV+TLMSAMTNL+CALSAPNSGN+CASSYSKEGG_0_244.pdb,/p/project1/hai_1252/toulouse1/flexcraft/data/adapt/full_run_seed/2026-06-27_10:57:16_adapt_full_run_c4_1/3QDG+MAVMAPRTLV+TLMSAMTNL+CALSAPNSGN+CASSYSKEGG_0_441.pdb,/p/project1/hai_1252/toulouse1/flexcraft/data/adapt/full_run_seed/2026-06-27_10:57:16_adapt_full_run_c4_1/3QDG+MAVMAPRTLV+TLMSAMTNL+CALSAPNSGN+CASSYSKEGG_0_552.pdb,/p/project1/hai_1252/toulouse1/flexcraft/data/adapt/full_run_seed/2026-06-27_10:57:16_adapt_full_run_c4_1/3QDG+MAVMAPRTLV+TLMSAMTNL+CALSAPNSGN+CASSYSKEGG_0_456.pdb,/p/project1/hai_1252/toulouse1/flexcraft/data/adapt/full_run_seed/2026-06-27_10:57:16_adapt_full_run_c4_1/3QDG+MAVMAPRTLV+TLMSAMTNL+CALSAPNSGN+CASSYSKEGG_0_144.pdb,/p/project1/hai_1252/toulouse1/flexcraft/data/adapt/full_run_seed/2026-06-27_10:57:16_adapt_full_run_c4_1/3QDG+MAVMAPRTLV+TLMSAMTNL+CALSAPNSGN+CASSYSKEGG_0_474.pdb,/p/project1/hai_1252/toulouse1/flexcraft/data/adapt/full_run_seed/2026-06-27_10:57:16_adapt_full_run_c4_1/3QDG+MAVMAPRTLV+TLMSAMTNL+CALSAPNSGN+CASSYSKEGG_0_534.pdb,/p/project1/hai_1252/toulouse1/flexcraft/data/adapt/full_run_seed/2026-06-27_10:57:16_adapt_full_run_c4_1/3QDG+MAVMAPRTLV+TLMSAMTNL+CALSAPNSGN+CASSYSKEGG_0_469.pdb,/p/project1/hai_1252/toulouse1/flexcraft/data/adapt/full_run_seed/2026-06-27_10:57:16_adapt_full_run_c4_1/3QDG+MAVMAPRTLV+TLMSAMTNL+CALSAPNSGN+CASSYSKEGG_0_308.pdb,/p/project1/hai_1252/toulouse1/flexcraft/data/adapt/full_run_seed/2026-06-27_10:57:16_adapt_full_run_c4_1/3QDG+MAVMAPRTLV+TLMSAMTNL+CALSAPNSGN+CASSYSKEGG_0_370.pdb,/p/project1/hai_1252/toulouse1/flexcraft/data/adapt/full_run_seed/2026-06-27_10:57:16_adapt_full_run_c4_1/3QDG+MAVMAPRTLV+TLMSAMTNL+CALSAPNSGN+CASSYSKEGG_0_384.pdb,/p/project1/hai_1252/toulouse1/flexcraft/data/adapt/full_run_seed/2026-06-27_10:57:16_adapt_full_run_c4_1/3QDG+MAVMAPRTLV+TLMSAMTNL+CALSAPNSGN+CASSYSKEGG_0_518.pdb,/p/project1/hai_1252/toulouse1/flexcraft/data/adapt/full_run_seed/2026-06-27_10:57:16_adapt_full_run_c4_1/3QDG+MAVMAPRTLV+TLMSAMTNL+CALSAPNSGN+CASSYSKEGG_0_570.pdb,/p/project1/hai_1252/toulouse1/flexcraft/data/adapt/full_run_seed/2026-06-27_10:57:16_adapt_full_run_c4_1/3QDG+MAVMAPRTLV+TLMSAMTNL+CALSAPNSGN+CASSYSKEGG_0_311.pdb,/p/project1/hai_1252/toulouse1/flexcraft/data/adapt/full_run_seed/2026-06-27_10:57:16_adapt_full_run_c4_1/3QDG+MAVMAPRTLV+TLMSAMTNL+CALSAPNSGN+CASSYSKEGG_0_399.pdb,/p/project1/hai_1252/toulouse1/flexcraft/data/adapt/full_run_seed/2026-06-27_10:57:16_adapt_full_run_c4_1/3QDG+MAVMAPRTLV+TLMSAMTNL+CALSAPNSGN+CASSYSKEGG_0_497.pdb,/p/project1/hai_1252/toulouse1/flexcraft/data/adapt/full_run_seed/2026-06-27_10:57:16_adapt_full_run_c4_1/3QDG+MAVMAPRTLV+TLMSAMTNL+CALSAPNSGN+CASSYSKEGG_0_540.pdb,/p/project1/hai_1252/toulouse1/flexcraft/data/adapt/full_run_seed/2026-06-27_10:57:16_adapt_full_run_c4_1/3QDG+MAVMAPRTLV+TLMSAMTNL+CALSAPNSGN+CASSYSKEGG_0_355.pdb,/p/project1/hai_1252/toulouse1/flexcraft/data/adapt/full_run_seed/2026-06-27_10:57:16_adapt_full_run_c4_1/3QDG+MAVMAPRTLV+TLMSAMTNL+CALSAPNSGN+CASSYSKEGG_0_556.pdb,/p/project1/hai_1252/toulouse1/flexcraft/data/adapt/full_run_seed/2026-06-27_10:57:16_adapt_full_run_c4_1/3QDG+MAVMAPRTLV+TLMSAMTNL+CALSAPNSGN+CASSYSKEGG_0_589.pdb,/p/project1/hai_1252/toulouse1/flexcraft/data/adapt/full_run_seed/2026-06-27_10:57:16_adapt_full_run_c4_1/3QDG+MAVMAPRTLV+TLMSAMTNL+CALSAPNSGN+CASSYSKEGG_0_432.pdb,/p/project1/hai_1252/toulouse1/flexcraft/data/adapt/full_run_seed/2026-06-27_10:57:16_adapt_full_run_c4_1/3QDG+MAVMAPRTLV+TLMSAMTNL+CALSAPNSGN+CASSYSKEGG_0_478.pdb,/p/project1/hai_1252/toulouse1/flexcraft/data/adapt/full_run_seed/2026-06-27_10:57:16_adapt_full_run_c4_1/3QDG+MAVMAPRTLV+TLMSAMTNL+CALSAPNSGN+CASSYSKEGG_0_461.pdb,/p/project1/hai_1252/toulouse1/flexcraft/data/adapt/full_run_seed/2026-06-27_10:57:16_adapt_full_run_c4_1/3QDG+MAVMAPRTLV+TLMSAMTNL+CALSAPNSGN+CASSYSKEGG_0_600.pdb,/p/project1/hai_1252/toulouse1/flexcraft/data/adapt/full_run_seed/2026-06-27_10:57:16_adapt_full_run_c4_1/3QDG+MAVMAPRTLV+TLMSAMTNL+CALSAPNSGN+CASSYSKEGG_0_422.pdb,/p/project1/hai_1252/toulouse1/flexcraft/data/adapt/full_run_seed/2026-06-27_10:57:16_adapt_full_run_c4_1/3QDG+MAVMAPRTLV+TLMSAMTNL+CALSAPNSGN+CASSYSKEGG_0_363.pdb,/p/project1/hai_1252/toulouse1/flexcraft/data/adapt/full_run_seed/2026-06-27_10:57:16_adapt_full_run_c4_1/3QDG+MAVMAPRTLV+TLMSAMTNL+CALSAPNSGN+CASSYSKEGG_0_383.pdb,/p/project1/hai_1252/toulouse1/flexcraft/data/adapt/full_run_seed/2026-06-27_10:57:16_adapt_full_run_c4_1/3QDG+MAVMAPRTLV+TLMSAMTNL+CALSAPNSGN+CASSYSKEGG_0_601.pdb,/p/project1/hai_1252/toulouse1/flexcraft/data/adapt/full_run_seed/2026-06-27_10:57:16_adapt_full_run_c4_1/3QDG+MAVMAPRTLV+TLMSAMTNL+CALSAPNSGN+CASSYSKEGG_0_519.pdb,/p/project1/hai_1252/toulouse1/flexcraft/data/adapt/full_run_seed/2026-06-27_10:57:16_adapt_full_run_c4_1/3QDG+MAVMAPRTLV+TLMSAMTNL+CALSAPNSGN+CASSYSKEGG_0_251.pdb,/p/project1/hai_1252/toulouse1/flexcraft/data/adapt/full_run_seed/2026-06-27_10:57:16_adapt_full_run_c4_1/3QDG+MAVMAPRTLV+TLMSAMTNL+CALSAPNSGN+CASSYSKEGG_0_373.pdb,/p/project1/hai_1252/toulouse1/flexcraft/data/adapt/full_run_seed/2026-06-27_10:57:16_adapt_full_run_c4_1/3QDG+MAVMAPRTLV+TLMSAMTNL+CALSAPNSGN+CASSYSKEGG_0_560.pdb,/p/project1/hai_1252/toulouse1/flexcraft/data/adapt/full_run_seed/2026-06-27_10:57:16_adapt_full_run_c4_1/3QDG+MAVMAPRTLV+TLMSAMTNL+CALSAPNSGN+CASSYSKEGG_0_584.pdb,/p/project1/hai_1252/toulouse1/flexcraft/data/adapt/full_run_seed/2026-06-27_10:57:16_adapt_full_run_c4_1/3QDG+MAVMAPRTLV+TLMSAMTNL+CALSAPNSGN+CASSYSKEGG_0_495.pdb,/p/project1/hai_1252/toulouse1/flexcraft/data/adapt/full_run_seed/2026-06-27_10:57:16_adapt_full_run_c4_1/3QDG+MAVMAPRTLV+TLMSAMTNL+CALSAPNSGN+CASSYSKEGG_0_538.pdb,/p/project1/hai_1252/toulouse1/flexcraft/data/adapt/full_run_seed/2026-06-27_10:57:16_adapt_full_run_c4_1/3QDG+MAVMAPRTLV+TLMSAMTNL+CALSAPNSGN+CASSYSKEGG_0_558.pdb,/p/project1/hai_1252/toulouse1/flexcraft/data/adapt/full_run_seed/2026-06-27_10:57:16_adapt_full_run_c4_1/3QDG+MAVMAPRTLV+TLMSAMTNL+CALSAPNSGN+CASSYSKEGG_0_596.pdb,/p/project1/hai_1252/toulouse1/flexcraft/data/adapt/full_run_seed/2026-06-27_10:57:16_adapt_full_run_c4_1/3QDG+MAVMAPRTLV+TLMSAMTNL+CALSAPNSGN+CASSYSKEGG_0_417.pdb,/p/project1/hai_1252/toulouse1/flexcraft/data/adapt/full_run_seed/2026-06-27_10:57:16_adapt_full_run_c4_1/3QDG+MAVMAPRTLV+TLMSAMTNL+CALSAPNSGN+CASSYSKEGG_0_354.pdb,/p/project1/hai_1252/toulouse1/flexcraft/data/adapt/full_run_seed/2026-06-27_10:57:16_adapt_full_run_c4_1/3QDG+MAVMAPRTLV+TLMSAMTNL+CALSAPNSGN+CASSYSKEGG_0_528.pdb,/p/project1/hai_1252/toulouse1/flexcraft/data/adapt/full_run_seed/2026-06-27_10:57:16_adapt_full_run_c4_1/3QDG+MAVMAPRTLV+TLMSAMTNL+CALSAPNSGN+CASSYSKEGG_0_396.pdb,/p/project1/hai_1252/toulouse1/flexcraft/data/adapt/full_run_seed/2026-06-27_10:57:16_adapt_full_run_c4_1/3QDG+MAVMAPRTLV+TLMSAMTNL+CALSAPNSGN+CASSYSKEGG_0_487.pdb,/p/project1/hai_1252/toulouse1/flexcraft/data/adapt/full_run_seed/2026-06-27_10:57:16_adapt_full_run_c4_1/3QDG+MAVMAPRTLV+TLMSAMTNL+CALSAPNSGN+CASSYSKEGG_0_306.pdb,/p/project1/hai_1252/toulouse1/flexcraft/data/adapt/full_run_seed/2026-06-27_10:57:16_adapt_full_run_c4_1/3QDG+MAVMAPRTLV+TLMSAMTNL+CALSAPNSGN+CASSYSKEGG_0_402.pdb,/p/project1/hai_1252/toulouse1/flexcraft/data/adapt/full_run_seed/2026-06-27_10:57:16_adapt_full_run_c4_1/3QDG+MAVMAPRTLV+TLMSAMTNL+CALSAPNSGN+CASSYSKEGG_0_219.pdb,/p/project1/hai_1252/toulouse1/flexcraft/data/adapt/full_run_seed/2026-06-27_10:57:16_adapt_full_run_c4_1/3QDG+MAVMAPRTLV+TLMSAMTNL+CALSAPNSGN+CASSYSKEGG_0_317.pdb,/p/project1/hai_1252/toulouse1/flexcraft/data/adapt/full_run_seed/2026-06-27_10:57:16_adapt_full_run_c4_1/3QDG+MAVMAPRTLV+TLMSAMTNL+CALSAPNSGN+CASSYSKEGG_0_574.pdb,/p/project1/hai_1252/toulouse1/flexcraft/data/adapt/full_run_seed/2026-06-27_10:57:16_adapt_full_run_c4_1/3QDG+MAVMAPRTLV+TLMSAMTNL+CALSAPNSGN+CASSYSKEGG_0_231.pdb,/p/project1/hai_1252/toulouse1/flexcraft/data/adapt/full_run_seed/2026-06-27_10:57:16_adapt_full_run_c4_1/3QDG+MAVMAPRTLV+TLMSAMTNL+CALSAPNSGN+CASSYSKEGG_0_535.pdb,/p/project1/hai_1252/toulouse1/flexcraft/data/adapt/full_run_seed/2026-06-27_10:57:16_adapt_full_run_c4_1/3QDG+MAVMAPRTLV+TLMSAMTNL+CALSAPNSGN+CASSYSKEGG_0_510.pdb,/p/project1/hai_1252/toulouse1/flexcraft/data/adapt/full_run_seed/2026-06-27_10:57:16_adapt_full_run_c4_1/3QDG+MAVMAPRTLV+TLMSAMTNL+CALSAPNSGN+CASSYSKEGG_0_457.pdb,/p/project1/hai_1252/toulouse1/flexcraft/data/adapt/full_run_seed/2026-06-27_10:57:16_adapt_full_run_c4_1/3QDG+MAVMAPRTLV+TLMSAMTNL+CALSAPNSGN+CASSYSKEGG_0_562.pdb,/p/project1/hai_1252/toulouse1/flexcraft/data/adapt/full_run_seed/2026-06-27_10:57:16_adapt_full_run_c4_1/3QDG+MAVMAPRTLV+TLMSAMTNL+CALSAPNSGN+CASSYSKEGG_0_479.pdb,/p/project1/hai_1252/toulouse1/flexcraft/data/adapt/full_run_seed/2026-06-27_10:57:16_adapt_full_run_c4_1/3QDG+MAVMAPRTLV+TLMSAMTNL+CALSAPNSGN+CASSYSKEGG_0_374.pdb,/p/project1/hai_1252/toulouse1/flexcraft/data/adapt/full_run_seed/2026-06-27_10:57:16_adapt_full_run_c4_1/3QDG+MAVMAPRTLV+TLMSAMTNL+CALSAPNSGN+CASSYSKEGG_0_585.pdb,/p/project1/hai_1252/toulouse1/flexcraft/data/adapt/full_run_seed/2026-06-27_10:57:16_adapt_full_run_c4_1/3QDG+MAVMAPRTLV+TLMSAMTNL+CALSAPNSGN+CASSYSKEGG_0_309.pdb,/p/project1/hai_1252/toulouse1/flexcraft/data/adapt/full_run_seed/2026-06-27_10:57:16_adapt_full_run_c4_1/3QDG+MAVMAPRTLV+TLMSAMTNL+CALSAPNSGN+CASSYSKEGG_0_240.pdb,/p/project1/hai_1252/toulouse1/flexcraft/data/adapt/full_run_seed/2026-06-27_10:57:16_adapt_full_run_c4_1/3QDG+MAVMAPRTLV+TLMSAMTNL+CALSAPNSGN+CASSYSKEGG_0_307.pdb,/p/project1/hai_1252/toulouse1/flexcraft/data/adapt/full_run_seed/2026-06-27_10:57:16_adapt_full_run_c4_1/3QDG+MAVMAPRTLV+TLMSAMTNL+CALSAPNSGN+CASSYSKEGG_0_455.pdb
/p/project1/hai_1252/toulouse1/flexcraft/data/adapt/full_run_seed/2026-06-27_10:57:16_adapt_full_run_c4_1/3QDG+MAVMAPRTLV+TLMSAMTNL+CALSAPNSGN+CASSYSKEGG_0_244.pdb,6.74017246637959e-06,0.33080729842185974,0.22734223306179047,0.42963871359825134,0.21038542687892914,0.6091307401657104,0.2530934810638428,0.5151622891426086,0.49842798709869385,0.3028966188430786,0.40693941712379456,0.3463074564933777,0.3406347930431366,0.28041356801986694,0.31689292192459106,0.4049142301082611,0.3417810797691345,0.3578140139579773,0.6462229490280151,0.30615994334220886,0.5079312324523926,0.15420816838741302,0.5489885210990906,0.40378573536872864,0.38252532482147217,0.22465236485004425,0.3902495205402374,0.5768173336982727,0.3952770233154297,0.308650404214859,0.4034980833530426,0.5685608386993408,0.412535697221756,0.41788142919540405,0.4410880208015442,0.7617661952972412,0.2920541763305664,0.14958511292934418,1.15925133228302,0.3175428807735443,0.3362838625907898,0.4789749085903168,0.29065006971359253,0.61338210105896,0.3081132769584656,0.2649470567703247,0.36580121517181396,0.37761905789375305,0.352692186832428,0.5260357856750488,0.37646785378456116,0.6610131859779358,0.3348030149936676,0.36274874210357666,0.8031410574913025,0.24645453691482544,0.37919121980667114,0.3665609061717987,0.642102062702179
/p/project1/hai_1252/toulouse1/flexcraft/data/adapt/full_run_seed/2026-06-27_10:57:16_adapt_full_run_c4_1/3QDG+MAVMAPRTLV+TLMSAMTNL+CALSAPNSGN+CASSYSKEGG_0_441.pdb,0.33080926537513733,1.3741294424107764e-05,0.4235597252845764,0.4760768711566925,0.3260997235774994,0.590372622013092,0.17758674919605255,0.44025421142578125,0.48172950744628906,0.2250176966190338,0.5349434018135071,0.19815239310264587,0.1264307200908661,0.2093576341867447,0.11968456953763962,0.18262265622615814,0.1614810675382614,0.26586252450942993,0.574301540851593,0.2564208209514618,0.5194248557090759,0.3611728549003601,0.3788595497608185,0.28470781445503235,0.44649651646614075,0.2546173334121704,0.5218800902366638,0.5224656462669373,0.22794237732887268,0.3669402003288269,0.34606578946113586,0.5194894075393677,0.20592835545539856,0.5806998014450073,0.35546624660491943,0.6807810068130493,0.4367031455039978,0.3554459512233734,1.1160529851913452,0.265083909034729,0.19546261429786682,0.3864413797855377,0.3161294162273407,0.582594096660614,0.36561182141304016,0.24062328040599823,0.18113914132118225,0.43064084649086,0.18561671674251556,0.6963906288146973,0.2357001006603241,0.633683443069458,0.20309853553771973,0.5691153407096863,0.7583643794059753,0.406548410654068,0.3905123770236969,0.3050088584423065,0.6087329387664795
/p/project1/hai_1252/toulouse1/flexcraft/data/adapt/full_run_seed/2026-06-27_10:57:16_adapt_full_run_c4_1/3QDG+MAVMAPRTLV+TLMSAMTNL+CALSAPNSGN+CASSYSKEGG_0_552.pdb,0.22733937203884125,0.423557311296463,1.631534905754961e-05,0.5360393524169922,0.30254629254341125,0.6114019751548767,0.35837671160697937,0.6374160647392273,0.5473143458366394,0.42954176664352417,0.5073949098587036,0.4237769842147827,0.4205833971500397,0.3765656054019928,0.4120084345340729,0.4830511808395386,0.4364683926105499,0.4648546874523163,0.6635828614234924,0.32034459710121155,0.5049324035644531,0.1398642361164093,0.6241415143013,0.5518635511398315,0.4939589202404022,0.3450297713279724,0.4288042187690735,0.643449068069458,0.4372361898422241,0.4492771327495575,0.5136317610740662,0.6314120292663574,0.4667743146419525,0.3997405171394348,0.520051896572113,0.8650934100151062,0.27333390712738037,0.18689073622226715,1.3145817518234253,0.376242071390152,0.43100202083587646,0.6096987128257751,0.42313846945762634,0.6124561429023743,0.4527243673801422,0.3790263533592224,0.44217565655708313,0.4685666561126709,0.4134121537208557,0.5261102318763733,0.4662369191646576,0.6538001894950867,0.43894195556640625,0.3948390781879425,0.8488296270370483,0.2904438078403473,0.520886242389679,0.5136100053787231,0.6415349245071411
/p/project1/hai_1252/toulouse1/flexcraft/data/adapt/full_run_seed/2026-06-27_10:57:16_adapt_full_run_c4_1/3QDG+MAVMAPRTLV+TLMSAMTNL+CALSAPNSGN+CASSYSKEGG_0_456.pdb,0.4296451210975647,0.4760768413543701,0.5360434055328369,8.15664043329889e-06,0.5256980061531067,0.8734756112098694,0.4232157766819,0.5889529585838318,0.7451341152191162,0.48928409814834595,0.3967076241970062,0.5581158995628357,0.5376585125923157,0.5294878482818604,0.4984113872051239,0.5354876518249512,0.48166021704673767,0.5489535331726074,0.8840469717979431,0.5502599477767944,0.784994900226593,0.4739390015602112,0.7710185050964355,0.460092693567276,0.5837157964706421,0.48611336946487427,0.3991032540798187,0.8005477786064148,0.5947205424308777,0.4431172311306,0.5686671137809753,0.8083263635635376,0.5664328336715698,0.45623573660850525,0.5839005708694458,0.6905362606048584,0.4979425072669983,0.4708738327026367,1.124403953552246,0.5188071131706238,0.5284066200256348,0.551462709903717,0.5274116396903992,0.8814901113510132,0.47614407539367676,0.5113767385482788,0.48756545782089233,0.5916179418563843,0.5714581608772278,0.6660650968551636,0.5886043906211853,0.9296900629997253,0.4575309157371521,0.5294302105903625,1.0171821117401123,0.4496590197086334,0.5716143250465393,0.5002971291542053,0.908734917640686
/p/project1/hai_1252/toulouse1/flexcraft/data/adapt/full_run_seed/2026-06-27_10:57:16_adapt_full_run_c4_1/3QDG+MAVMAPRTLV+TLMSAMTNL+CALSAPNSGN+CASSYSKEGG_0_144.pdb,0.2103872299194336,0.326099157333374,0.302545964717865,0.5256981253623962,1.9381692254683003e-05,0.4797089695930481,0.2909112870693207,0.5188054442405701,0.35672372579574585,0.23458462953567505,0.522043764591217,0.2895826995372772,0.30307814478874207,0.2122684270143509,0.28152698278427124,0.3598279654979706,0.3210689425468445,0.30853578448295593,0.5410764813423157,0.2894136905670166,0.389832079410553,0.20713213086128235,0.4440612494945526,0.41920503973960876,0.304565966129303,0.17117111384868622,0.4719482660293579,0.5530946850776672,0.34570008516311646,0.23885829746723175,0.33352214097976685,0.521434485912323,0.36587288975715637,0.5178847312927246,0.40842747688293457,0.7782410383224487,0.3424631953239441,0.2344573438167572,1.2135987281799316,0.3279341459274292,0.263746440410614,0.48551902174949646,0.19479002058506012,0.4979560375213623,0.241251140832901,0.18539607524871826,0.36215320229530334,0.2324332892894745,0.2981151342391968,0.629094123840332,0.2813037037849426,0.5447395443916321,0.30513373017311096,0.46339330077171326,0.7504115104675293,0.26575711369514465,0.2643785774707794,0.2874830961227417,0.5246621966362
/p/project1/hai_1252/toulouse1/flexcraft/data/adapt/full_run_seed/2026-06-27_10:57:16_adapt_full_run_c4_1/3QDG+MAVMAPRTLV+TLMSAMTNL+CALSAPNSGN+CASSYSKEGG_0_474.pdb,0.6091293096542358,0.5903683304786682,0.6114016771316528,0.873472273349762,0.479708731174469,1.5193360013654456e-05,0.6122273206710815,0.7799332737922668,0.2025449573993683,0.5146642327308655,0.8517916798591614,0.4948353171348572,0.5334867238998413,0.48323625326156616,0.5561849474906921,0.5282174944877625,0.5656539797782898,0.49615830183029175,0.19621051847934723,0.466705858707428,0.16678574681282043,0.5732555389404297,0.4157385230064392,0.7291178107261658,0.581109881401062,0.5409083366394043,0.796983540058136,0.7043947577476501,0.48098036646842957,0.5732341408729553,0.4485449194908142,0.6241285800933838,0.4977262616157532,0.808311402797699,0.6190733313560486,1.0199899673461914,0.6424996852874756,0.6062486171722412,1.4969905614852905,0.5193483829498291,0.4914418160915375,0.7634568810462952,0.5344199538230896,0.09808476269245148,0.5990802645683289,0.4929543733596802,0.585247278213501,0.4489128887653351,0.4879028797149658,0.8946295380592346,0.45371779799461365,0.10879708081483841,0.5494100451469421,0.7374383807182312,0.7986913919448853,0.6130491495132446,0.5677565932273865,0.5641604661941528,0.10323458164930344
/p/project1/hai_1252/toulouse1/flexcraft/data/adapt/full_run_seed/2026-06-27_10:57:16_adapt_full_run_c4_1/3QDG+MAVMAPRTLV+TLMSAMTNL+CALSAPNSGN+CASSYSKEGG_0_534.pdb,0.25309428572654724,0.17758718132972717,0.35837844014167786,0.42321279644966125,0.29090991616249084,0.6122318506240845,1.721173794066999e-05,0.45405319333076477,0.503637433052063,0.2398466020822525,0.4410955607891083,0.2616007328033447,0.2289690375328064,0.22192341089248657,0.1945926994085312,0.29936498403549194,0.23568329215049744,0.3118039667606354,0.6078006625175476,0.26262590289115906,0.5234973430633545,0.29416489601135254,0.46804699301719666,0.27313119173049927,0.4260229468345642,0.20448307693004608,0.44736671447753906,0.5445998311042786,0.3118569850921631,0.3371288478374481,0.3681604266166687,0.5352980494499207,0.3224429488182068,0.501928985118866,0.3648035228252411,0.7149290442466736,0.3725321292877197,0.2829097509384155,1.1078720092773438,0.27790966629981995,0.2609262466430664,0.40364599227905273,0.29102805256843567,0.6049860119819641,0.33485648036003113,0.21743550896644592,0.2662406265735626,0.42334094643592834,0.25874751806259155,0.6096020936965942,0.30292314291000366,0.6540769338607788,0.233573779463768,0.48484599590301514,0.7809954881668091,0.3311721682548523,0.39670050144195557,0.31693512201309204,0.6329225897789001
/p/project1/hai_1252/toulouse1/flexcraft/data/adapt/full_run_seed/2026-06-27_10:57:16_adapt_full_run_c4_1/3QDG+MAVMAPRTLV+TLMSAMTNL+CALSAPNSGN+CASSYSKEGG_0_469.pdb,0.5151666402816772,0.44025489687919617,0.6374196410179138,0.5889525413513184,0.5188075304031372,0.7799394130706787,0.4540499448776245,5.186102953302907e-06,0.6748401522636414,0.42679211497306824,0.6340901255607605,0.45472192764282227,0.43726736307144165,0.4537803828716278,0.4196207523345947,0.4641876816749573,0.45662373304367065,0.45674991607666016,0.7509124279022217,0.5410599708557129,0.7390611171722412,0.5728333592414856,0.580589771270752,0.32645487785339355,0.4786359369754791,0.4786575436592102,0.6726654171943665,0.5144776701927185,0.5000085830688477,0.5206981301307678,0.48406246304512024,0.5653933882713318,0.49910640716552734,0.7367516160011292,0.46332070231437683,0.5007349252700806,0.6577854156494141,0.5547298789024353,0.9568545818328857,0.5066754221916199,0.44753140211105347,0.4334148168563843,0.48612284660339355,0.7750316262245178,0.49938181042671204,0.4494849741458893,0.47892165184020996,0.5750512480735779,0.4714099168777466,0.7664511799812317,0.45141273736953735,0.8219781517982483,0.4227355420589447,0.7266150116920471,0.7530419826507568,0.5999917387962341,0.5231582522392273,0.4403128921985626,0.7971457839012146
/p/project1/hai_1252/toulouse1/flexcraft/data/adapt/full_run_seed/2026-06-27_10:57:16_adapt_full_run_c4_1/3QDG+MAVMAPRTLV+TLMSAMTNL+CALSAPNSGN+CASSYSKEGG_0_308.pdb,0.49842867255210876,0.48172828555107117,0.5473136305809021,0.7451354265213013,0.35672569274902344,0.2025473713874817,0.5036377310752869,0.674842894077301,8.618035280960612e-06,0.39153623580932617,0.7656120657920837,0.40072599053382874,0.44004857540130615,0.3895680904388428,0.44884827733039856,0.4267379641532898,0.45751550793647766,0.4130669832229614,0.29932236671447754,0.4108612835407257,0.2006414830684662,0.48185643553733826,0.35375022888183594,0.6108863949775696,0.45609012246131897,0.4265041947364807,0.7022246718406677,0.6684805750846863,0.4252046048641205,0.41828498244285583,0.35711708664894104,0.5916210412979126,0.41990071535110474,0.7361088991165161,0.5613333582878113,0.9221195578575134,0.5567886829376221,0.5144770741462708,1.3773711919784546,0.4317280352115631,0.38043683767318726,0.6754295825958252,0.4055950939655304,0.24603061378002167,0.43963631987571716,0.3806290626525879,0.4838107228279114,0.3060072958469391,0.4107356071472168,0.8413709402084351,0.3570573627948761,0.28666922450065613,0.4394604563713074,0.6842569708824158,0.7901210188865662,0.5060954093933105,0.4088376462459564,0.42030227184295654,0.26037341356277466
/p/project1/hai_1252/toulouse1/flexcraft/data/adapt/full_run_seed/2026-06-27_10:57:16_adapt_full_run_c4_1/3QDG+MAVMAPRTLV+TLMSAMTNL+CALSAPNSGN+CASSYSKEGG_0_370.pdb,0.30289196968078613,0.22501620650291443,0.4295427203178406,0.48928582668304443,0.23458388447761536,0.5146692395210266,0.2398461550474167,0.4267880320549011,0.3915385603904724,1.4701570762554184e-05,0.5451521277427673,0.18160879611968994,0.18542876839637756,0.1552562117576599,0.1506567895412445,0.21816836297512054,0.19515149295330048,0.20529010891914368,0.5326392650604248,0.2794017791748047,0.4653014838695526,0.3349588215351105,0.3813013434410095,0.288370817899704,0.3130526840686798,0.1902748942375183,0.5191222429275513,0.527066707611084,0.24410101771354675,0.24673312902450562,0.25245198607444763,0.5078148245811462,0.24893249571323395,0.5815286040306091,0.2935788929462433,0.6780643463134766,0.4200604557991028,0.3531194031238556,1.1347694396972656,0.2597764730453491,0.10481499880552292,0.3923720717430115,0.20572835206985474,0.5252860188484192,0.2512533366680145,0.10808809101581573,0.2503971755504608,0.2686857283115387,0.20561614632606506,0.7007158994674683,0.14495134353637695,0.5764015316963196,0.12591862678527832,0.5548363327980042,0.746133029460907,0.35115846991539,0.26673880219459534,0.1535014659166336,0.5501238703727722
/p/project1/hai_1252/toulouse1/flexcraft/data/adapt/full_run_seed/2026-06-27_10:57:16_adapt_full_run_c4_1/3QDG+MAVMAPRTLV+TLMSAMTNL+CALSAPNSGN+CASSYSKEGG_0_384.pdb,0.406938374042511,0.5349433422088623,0.5073962211608887,0.39671123027801514,0.5220425128936768,0.8517927527427673,0.4410940110683441,0.634085476398468,0.7656109929084778,0.5451532602310181,5.713406608265359e-06,0.6020390391349792,0.5720692873001099,0.5085799098014832,0.5498143434524536,0.6332597136497498,0.5585246682167053,0.5435866117477417,0.8515710830688477,0.5368222594261169,0.7496414184570312,0.47802308201789856,0.7708773612976074,0.48480719327926636,0.6258587837219238,0.4829780161380768,0.43337899446487427,0.6963333487510681,0.6166098117828369,0.5426899194717407,0.5896593332290649,0.6973957419395447,0.6379879713058472,0.4654836654663086,0.5683949589729309,0.778662383556366,0.5402358174324036,0.4248808026313782,1.0984809398651123,0.5826793909072876,0.5936887264251709,0.4780857563018799,0.5394129157066345,0.8460915088653564,0.5677894353866577,0.5257753729820251,0.5801110863685608,0.6579258441925049,0.5933521389961243,0.5319971442222595,0.6253721714019775,0.886374831199646,0.5563070178031921,0.3043763041496277,0.9205861687660217,0.4955325424671173,0.6390252113342285,0.5858179330825806,0.8750436305999756
/p/project1/hai_1252/toulouse1/flexcraft/data/adapt/full_run_seed/2026-06-27_10:57:16_adapt_full_run_c4_1/3QDG+MAVMAPRTLV+TLMSAMTNL+CALSAPNSGN+CASSYSKEGG_0_518.pdb,0.34630700945854187,0.198154479265213,0.4237774610519409,0.5581149458885193,0.2895808815956116,0.49483704566955566,0.2616010308265686,0.4547198414802551,0.40072640776634216,0.18160748481750488,0.6020394563674927,1.3679949915967882e-05,0.1307644546031952,0.1790323704481125,0.13460002839565277,0.17230765521526337,0.1485983431339264,0.21753540635108948,0.4939308762550354,0.22481362521648407,0.44861212372779846,0.3562958240509033,0.34098297357559204,0.3442862331867218,0.38287264108657837,0.26206669211387634,0.5610233545303345,0.5002424120903015,0.1713726669549942,0.3544585108757019,0.29841479659080505,0.4837704300880432,0.18909302353858948,0.6109924912452698,0.3415268659591675,0.7161676287651062,0.4467645585536957,0.3744945824146271,1.1706990003585815,0.2645011246204376,0.13426190614700317,0.4201051592826843,0.29728758335113525,0.4901351034641266,0.35139691829681396,0.1969960480928421,0.18478581309318542,0.3508121371269226,0.1236027330160141,0.7213429808616638,0.14639607071876526,0.5417463779449463,0.19396716356277466,0.5943095088005066,0.7164543271064758,0.41078442335128784,0.35397103428840637,0.2793155908584595,0.5150501728057861
/p/project1/hai_1252/toulouse1/flexcraft/data/adapt/full_run_seed/2026-06-27_10:57:16_adapt_full_run_c4_1/3QDG+MAVMAPRTLV+TLMSAMTNL+CALSAPNSGN+CASSYSKEGG_0_570.pdb,0.34063464403152466,0.12643107771873474,0.42058247327804565,0.5376514196395874,0.3030775487422943,0.5334843397140503,0.2289712280035019,0.43727073073387146,0.4400477111339569,0.18542391061782837,0.5720717310905457,0.130762979388237,8.378297934541479e-06,0.1620582789182663,0.07897652685642242,0.14935946464538574,0.16027052700519562,0.21370886266231537,0.523357629776001,0.23057058453559875,0.48180529475212097,0.3585635721683502,0.3418693244457245,0.3121165633201599,0.4154911935329437,0.25018224120140076,0.5505133867263794,0.4803861379623413,0.14412489533424377,0.3716670870780945,0.3073347210884094,0.47448432445526123,0.15915031731128693,0.6028178334236145,0.30853426456451416,0.6948229670524597,0.4440004825592041,0.3625953495502472,1.14705228805542,0.2516619563102722,0.13411226868629456,0.3808544874191284,0.2996010482311249,0.52604740858078,0.36363568902015686,0.20045101642608643,0.18722042441368103,0.38701096177101135,0.1092483401298523,0.7058870792388916,0.15047086775302887,0.5777904987335205,0.18734082579612732,0.5816578269004822,0.7120903134346008,0.4137290120124817,0.37291133403778076,0.2854877710342407,0.5514405369758606
/p/project1/hai_1252/toulouse1/flexcraft/data/adapt/full_run_seed/2026-06-27_10:57:16_adapt_full_run_c4_1/3QDG+MAVMAPRTLV+TLMSAMTNL+CALSAPNSGN+CASSYSKEGG_0_311.pdb,0.28041282296180725,0.20935796201229095,0.376564621925354,0.5294839143753052,0.2122696191072464,0.48323777318000793,0.22192023694515228,0.4537791907787323,0.3895685076713562,0.15525537729263306,0.5085781812667847,0.17903278768062592,0.1620592325925827,2.0242645405232906e-05,0.15272223949432373,0.2544747591018677,0.22863814234733582,0.2039894461631775,0.4986700713634491,0.21293751895427704,0.41707921028137207,0.3074292242527008,0.3469501733779907,0.31892484426498413,0.3565669357776642,0.16414745151996613,0.5204262733459473,0.47722941637039185,0.21596381068229675,0.31209316849708557,0.2807578146457672,0.4484248757362366,0.25033295154571533,0.5711233019828796,0.29187312722206116,0.724320113658905,0.40540459752082825,0.29287245869636536,1.1723390817642212,0.2769932448863983,0.1639777421951294,0.37848252058029175,0.21437644958496094,0.4836048483848572,0.31237176060676575,0.11992175877094269,0.27708908915519714,0.32114046812057495,0.16310828924179077,0.6611663699150085,0.1664518266916275,0.5318171381950378,0.21371711790561676,0.49148643016815186,0.6990028023719788,0.3505587577819824,0.32086750864982605,0.2569900155067444,0.5115912556648254
/p/project1/hai_1252/toulouse1/flexcraft/data/adapt/full_run_seed/2026-06-27_10:57:16_adapt_full_run_c4_1/3QDG+MAVMAPRTLV+TLMSAMTNL+CALSAPNSGN+CASSYSKEGG_0_399.pdb,0.31689414381980896,0.11968506872653961,0.4120107591152191,0.4984108507633209,0.2815275192260742,0.5561837553977966,0.19459298253059387,0.4196177124977112,0.4488461911678314,0.15065748989582062,0.5498160719871521,0.13459913432598114,0.0789743959903717,0.15271922945976257,1.3515619684767444e-05,0.16497944295406342,0.14599987864494324,0.21646972000598907,0.5548010468482971,0.24340106546878815,0.49883824586868286,0.3404138386249542,0.36898717284202576,0.27624577283859253,0.38887229561805725,0.22278153896331787,0.5227758884429932,0.5029672980308533,0.18660953640937805,0.3324678838253021,0.30636516213417053,0.4938344657421112,0.19252583384513855,0.5821170806884766,0.2996160387992859,0.6794557571411133,0.42136213183403015,0.3455587327480316,1.1286795139312744,0.2517905831336975,0.11482325196266174,0.37119919061660767,0.27358394861221313,0.5544360876083374,0.3262903690338135,0.17469792068004608,0.19139297306537628,0.36355435848236084,0.1333579421043396,0.6956728100776672,0.15405960381031036,0.6060609221458435,0.15530657768249512,0.5708905458450317,0.7350167632102966,0.3811350166797638,0.3439319133758545,0.2497611939907074,0.5805496573448181
/p/project1/hai_1252/toulouse1/flexcraft/data/adapt/full_run_seed/2026-06-27_10:57:16_adapt_full_run_c4_1/3QDG+MAVMAPRTLV+TLMSAMTNL+CALSAPNSGN+CASSYSKEGG_0_497.pdb,0.40491554141044617,0.18262378871440887,0.483051598072052,0.5354892015457153,0.35982850193977356,0.5282178521156311,0.2993648648262024,0.4641878604888916,0.42673879861831665,0.21816527843475342,0.6332594752311707,0.1723056137561798,0.14936180412769318,0.2544735074043274,0.16497988998889923,8.32406021800125e-06,0.16095885634422302,0.244122713804245,0.5129298567771912,0.2774319350719452,0.49371418356895447,0.41188207268714905,0.3558751940727234,0.35864657163619995,0.4486404061317444,0.3294537365436554,0.5788065791130066,0.5647711157798767,0.1707945466041565,0.38305771350860596,0.3148026764392853,0.5584825873374939,0.09692136198282242,0.6322011351585388,0.36167973279953003,0.676443338394165,0.480930358171463,0.43385744094848633,1.1804512739181519,0.26260584592819214,0.15314951539039612,0.43997514247894287,0.3643890619277954,0.525935709476471,0.3921230733394623,0.27181246876716614,0.166240856051445,0.39163023233413696,0.176723912358284,0.7747485637664795,0.18515323102474213,0.5780558586120605,0.18167348206043243,0.6445716619491577,0.7802861928939819,0.4535609185695648,0.3957090973854065,0.2960699200630188,0.5486348271369934
/p/project1/hai_1252/toulouse1/flexcraft/data/adapt/full_run_seed/2026-06-27_10:57:16_adapt_full_run_c4_1/3QDG+MAVMAPRTLV+TLMSAMTNL+CALSAPNSGN+CASSYSKEGG_0_540.pdb,0.3417802155017853,0.16148251295089722,0.43646830320358276,0.4816645085811615,0.3210674822330475,0.5656484961509705,0.23568099737167358,0.45662182569503784,0.4575168490409851,0.19515278935432434,0.5585238933563232,0.1485966145992279,0.16027022898197174,0.22863823175430298,0.1459999531507492,0.1609596163034439,9.524532288196497e-06,0.23887979984283447,0.55073481798172,0.2635985016822815,0.513835608959198,0.3638016879558563,0.3879369795322418,0.31947824358940125,0.40174561738967896,0.26290273666381836,0.5246164202690125,0.5498075485229492,0.22949957847595215,0.3445623815059662,0.33251649141311646,0.5379133224487305,0.1989099681377411,0.5749369859695435,0.3764253854751587,0.6741704940795898,0.4582750201225281,0.37930020689964294,1.1308743953704834,0.24671797454357147,0.15773414075374603,0.40143924951553345,0.3147971034049988,0.5596801042556763,0.3456888496875763,0.23045188188552856,0.08581580221652985,0.3949376046657562,0.21028852462768555,0.7159698009490967,0.20705969631671906,0.613532304763794,0.17500346899032593,0.5754725933074951,0.782024621963501,0.4195389449596405,0.36858803033828735,0.2845228910446167,0.585631251335144
/p/project1/hai_1252/toulouse1/flexcraft/data/adapt/full_run_seed/2026-06-27_10:57:16_adapt_full_run_c4_1/3QDG+MAVMAPRTLV+TLMSAMTNL+CALSAPNSGN+CASSYSKEGG_0_355.pdb,0.35781484842300415,0.2658601403236389,0.46485406160354614,0.5489514470100403,0.30853646993637085,0.4961547255516052,0.3118048906326294,0.4567471742630005,0.4130655825138092,0.2052883356809616,0.5435861349105835,0.21753554046154022,0.2137080878019333,0.20398961007595062,0.2164701223373413,0.24412184953689575,0.23887905478477478,9.408648111275397e-06,0.49087879061698914,0.2813626229763031,0.45670226216316223,0.3972332179546356,0.35054460167884827,0.34813761711120605,0.38175249099731445,0.2772551476955414,0.5288041234016418,0.4736620783805847,0.23146434128284454,0.35490018129348755,0.24688315391540527,0.45189613103866577,0.24527312815189362,0.5884876847267151,0.32423505187034607,0.6955690979957581,0.47083595395088196,0.40282365679740906,1.1474802494049072,0.31387799978256226,0.19444821774959564,0.34681370854377747,0.29489049315452576,0.49563899636268616,0.3791848123073578,0.2257506549358368,0.2824456989765167,0.36317574977874756,0.21273940801620483,0.7123206257820129,0.18040287494659424,0.5422134399414062,0.23861931264400482,0.5523855090141296,0.6673204898834229,0.4245070815086365,0.36434701085090637,0.27592453360557556,0.5191305875778198
/p/project1/hai_1252/toulouse1/flexcraft/data/adapt/full_run_seed/2026-06-27_10:57:16_adapt_full_run_c4_1/3QDG+MAVMAPRTLV+TLMSAMTNL+CALSAPNSGN+CASSYSKEGG_0_556.pdb,0.6462251543998718,0.5743065476417542,0.6635820865631104,0.884050726890564,0.541078507900238,0.19621282815933228,0.6078015565872192,0.7509095668792725,0.299322247505188,0.5326460003852844,0.8515712022781372,0.4939281940460205,0.5233606100082397,0.49867287278175354,0.554806649684906,0.5129334926605225,0.5507371425628662,0.4908808469772339,5.779789262305712e-06,0.46889397501945496,0.2780419588088989,0.6271616220474243,0.3838038444519043,0.7039629220962524,0.6179869771003723,0.565911054611206,0.824108898639679,0.6671443581581116,0.4664120376110077,0.6238658428192139,0.4581458568572998,0.605068564414978,0.4830636978149414,0.8341914415359497,0.6199091076850891,0.9804039001464844,0.6996206045150757,0.6463208198547363,1.4354578256607056,0.5086069107055664,0.5015077590942383,0.7322798371315002,0.569622278213501,0.14231356978416443,0.6445539593696594,0.5204903483390808,0.5629583597183228,0.535541296005249,0.48710721731185913,0.9054710865020752,0.45844778418540955,0.16144457459449768,0.5506563186645508,0.7626203298568726,0.7759461998939514,0.6752942800521851,0.6160270571708679,0.5870702266693115,0.1419174075126648
/p/project1/hai_1252/toulouse1/flexcraft/data/adapt/full_run_seed/2026-06-27_10:57:16_adapt_full_run_c4_1/3QDG+MAVMAPRTLV+TLMSAMTNL+CALSAPNSGN+CASSYSKEGG_0_589.pdb,0.3061583340167999,0.2564183175563812,0.3203440010547638,0.5502658486366272,0.2894139885902405,0.466708242893219,0.26262834668159485,0.5410597920417786,0.4108619689941406,0.27940213680267334,0.5368214845657349,0.22481641173362732,0.23057177662849426,0.2129327952861786,0.24339692294597626,0.27742835879325867,0.26359936594963074,0.28136366605758667,0.4688913822174072,4.381301096145762e-06,0.3939395546913147,0.2911399006843567,0.41869834065437317,0.42115265130996704,0.45297300815582275,0.2783103585243225,0.5004152655601501,0.5243607759475708,0.20356494188308716,0.39110246300697327,0.3676968812942505,0.5062941312789917,0.2499874383211136,0.5149251818656921,0.37668389081954956,0.7834245562553406,0.36465269327163696,0.29939210414886475,1.2511926889419556,0.2545505464076996,0.2542387545108795,0.48512089252471924,0.35088402032852173,0.45501115918159485,0.42127102613449097,0.2621290385723114,0.2685900628566742,0.40126243233680725,0.19235996901988983,0.6287142038345337,0.2748238444328308,0.5002897381782532,0.2747000753879547,0.477199524641037,0.7414349913597107,0.34976255893707275,0.4514739513397217,0.3866548538208008,0.4839962124824524
/p/project1/hai_1252/toulouse1/flexcraft/data/adapt/full_run_seed/2026-06-27_10:57:16_adapt_full_run_c4_1/3QDG+MAVMAPRTLV+TLMSAMTNL+CALSAPNSGN+CASSYSKEGG_0_432.pdb,0.5079303979873657,0.5194230079650879,0.504932701587677,0.784994900226593,0.3898359537124634,0.16679096221923828,0.5234996676445007,0.7390649318695068,0.20064108073711395,0.46530240774154663,0.7496417760848999,0.44861507415771484,0.48180466890335083,0.41707703471183777,0.4988355338573456,0.4937146008014679,0.5138372778892517,0.45670193433761597,0.2780459225177765,0.3939402401447296,9.428935300093144e-06,0.4675320088863373,0.41254183650016785,0.667547345161438,0.5432260036468506,0.4618692100048065,0.7000687122344971,0.6699810028076172,0.44364431500434875,0.4991495609283447,0.41207507252693176,0.5902758240699768,0.46406179666519165,0.7143040895462036,0.5783390998840332,0.9886161088943481,0.538949191570282,0.5054178833961487,1.447688102722168,0.4712395966053009,0.45060595870018005,0.7078981995582581,0.46431925892829895,0.19691526889801025,0.5325697660446167,0.4309321343898773,0.5369421243667603,0.4040429890155792,0.4363408088684082,0.7990205883979797,0.426776647567749,0.2174835503101349,0.5036895275115967,0.6310033798217773,0.7854844331741333,0.5102189779281616,0.5130589008331299,0.5172358751296997,0.2154250591993332
/p/project1/hai_1252/toulouse1/flexcraft/data/adapt/full_run_seed/2026-06-27_10:57:16_adapt_full_run_c4_1/3QDG+MAVMAPRTLV+TLMSAMTNL+CALSAPNSGN+CASSYSKEGG_0_478.pdb,0.15420842170715332,0.36117279529571533,0.1398661732673645,0.47393789887428284,0.20713390409946442,0.5732557773590088,0.29416704177856445,0.5728282332420349,0.4818570911884308,0.33495956659317017,0.47802218794822693,0.35629579424858093,0.35856324434280396,0.30742940306663513,0.3404141068458557,0.4118805229663849,0.36380165815353394,0.39723363518714905,0.6271676421165466,0.2911485433578491,0.4675338566303253,1.073587827704614e-05,0.5688027739524841,0.47342896461486816,0.42171841859817505,0.2649061381816864,0.39819255471229553,0.615976870059967,0.3875221312046051,0.34184619784355164,0.4306204617023468,0.601723849773407,0.40992388129234314,0.40580934286117554,0.45397689938545227,0.8087459802627563,0.242420956492424,0.16310210525989532,1.2519928216934204,0.328213632106781,0.3484811782836914,0.5479528307914734,0.33402004837989807,0.5823315382003784,0.35023605823516846,0.29319944977760315,0.38112637400627136,0.3703058362007141,0.35517624020576477,0.5323805212974548,0.3888917863368988,0.6276248693466187,0.35431647300720215,0.3943726420402527,0.8272400498390198,0.2219414860010147,0.41565626859664917,0.4094473123550415,0.6109054088592529
/p/project1/hai_1252/toulouse1/flexcraft/data/adapt/full_run_seed/2026-06-27_10:57:16_adapt_full_run_c4_1/3QDG+MAVMAPRTLV+TLMSAMTNL+CALSAPNSGN+CASSYSKEGG_0_461.pdb,0.5489885807037354,0.37885910272598267,0.6241418123245239,0.7710193395614624,0.4440607726573944,0.41573792695999146,0.4680463969707489,0.5805841088294983,0.35375404357910156,0.3812999427318573,0.770878255367279,0.340982586145401,0.34186846017837524,0.3469507694244385,0.36898836493492126,0.3558777868747711,0.3879368305206299,0.3505462110042572,0.3838060200214386,0.41870078444480896,0.41253939270973206,0.5688023567199707,7.2754182838252746e-06,0.513820469379425,0.4981451630592346,0.4209173321723938,0.7528103590011597,0.5501009821891785,0.3588394224643707,0.508829653263092,0.36651793122291565,0.49356067180633545,0.3455011248588562,0.8030169606208801,0.4965638816356659,0.8260720372200012,0.6438226103782654,0.5666614770889282,1.2454279661178589,0.44271916151046753,0.3411543667316437,0.5444522500038147,0.40636399388313293,0.4026329517364502,0.5040359497070312,0.37794825434684753,0.4182647168636322,0.4696491062641144,0.3433261811733246,0.8949722051620483,0.29071345925331116,0.4410824775695801,0.4170585572719574,0.7476447224617004,0.70432448387146,0.6059613227844238,0.4444013237953186,0.41439563035964966,0.4191252887248993
/p/project1/hai_1252/toulouse1/flexcraft/data/adapt/full_run_seed/2026-06-27_10:57:16_adapt_full_run_c4_1/3QDG+MAVMAPRTLV+TLMSAMTNL+CALSAPNSGN+CASSYSKEGG_0_600.pdb,0.40378668904304504,0.28470906615257263,0.5518643856048584,0.46009355783462524,0.41921475529670715,0.729112446308136,0.2731351852416992,0.3264548182487488,0.610880434513092,0.2883688509464264,0.48480337858200073,0.34428074955940247,0.31211546063423157,0.31893274188041687,0.2762487232685089,0.35864317417144775,0.31947481632232666,0.3481428921222687,0.7039716839790344,0.42115235328674316,0.6675499677658081,0.47342634201049805,0.513816773891449,7.345869562414009e-06,0.43399062752723694,0.34269580245018005,0.5585956573486328,0.5161066651344299,0.3973468840122223,0.401663213968277,0.3969593048095703,0.5609137415885925,0.404173344373703,0.6409537196159363,0.3477925956249237,0.5670971274375916,0.5439887046813965,0.4493545591831207,0.9420160055160522,0.40637215971946716,0.33213257789611816,0.3054858148097992,0.36553362011909485,0.7255012392997742,0.3945191204547882,0.31934836506843567,0.3574047088623047,0.49652063846588135,0.3540264666080475,0.7114518284797668,0.35589292645454407,0.7741996049880981,0.28604230284690857,0.6063399314880371,0.7823166251182556,0.48096272349357605,0.4275335371494293,0.3135964572429657,0.7504769563674927
/p/project1/hai_1252/toulouse1/flexcraft/data/adapt/full_run_seed/2026-06-27_10:57:16_adapt_full_run_c4_1/3QDG+MAVMAPRTLV+TLMSAMTNL+CALSAPNSGN+CASSYSKEGG_0_422.pdb,0.3825269043445587,0.4464957118034363,0.4939610958099365,0.583713948726654,0.3045647144317627,0.5811055898666382,0.4260225296020508,0.4786381721496582,0.4560903310775757,0.3130529224872589,0.6258571147918701,0.3828727900981903,0.41549116373062134,0.3565641939640045,0.38887253403663635,0.44863972067832947,0.401745080947876,0.3817545771598816,0.6179889440536499,0.4529653787612915,0.5432288646697998,0.42172113060951233,0.49814480543136597,0.4339882731437683,7.187022220023209e-06,0.3137425482273102,0.5831544995307922,0.5856629014015198,0.470735102891922,0.28543996810913086,0.41028040647506714,0.5818899869918823,0.4716702103614807,0.6278484463691711,0.4854982793331146,0.7207837104797363,0.503612220287323,0.42091402411460876,1.1682971715927124,0.4074663817882538,0.3566766083240509,0.5365784764289856,0.25764521956443787,0.5975529551506042,0.2714619040489197,0.2966878116130829,0.4425349831581116,0.30385130643844604,0.43279311060905457,0.7580894231796265,0.3610464334487915,0.6434724926948547,0.3736526370048523,0.6114118099212646,0.7865296006202698,0.4081839621067047,0.28369274735450745,0.29463857412338257,0.6193547248840332
/p/project1/hai_1252/toulouse1/flexcraft/data/adapt/full_run_seed/2026-06-27_10:57:16_adapt_full_run_c4_1/3QDG+MAVMAPRTLV+TLMSAMTNL+CALSAPNSGN+CASSYSKEGG_0_363.pdb,0.22465194761753082,0.2546170651912689,0.3450252413749695,0.4861130118370056,0.17117050290107727,0.540911853313446,0.20448164641857147,0.47865599393844604,0.4265040457248688,0.19027477502822876,0.48297742009162903,0.26206836104393005,0.2501823604106903,0.16414743661880493,0.22278040647506714,0.32945147156715393,0.262899786233902,0.27725473046302795,0.5659111738204956,0.2783065438270569,0.46186521649360657,0.26490625739097595,0.4209173023700714,0.3426932394504547,0.31374067068099976,1.9309483832330443e-05,0.4689992666244507,0.5170291662216187,0.3261302709579468,0.2580849826335907,0.3445119857788086,0.491876482963562,0.34001561999320984,0.5175425410270691,0.37475043535232544,0.741422712802887,0.37278059124946594,0.25169557332992554,1.1596264839172363,0.29103854298591614,0.23170062899589539,0.423809677362442,0.14070896804332733,0.5452324748039246,0.24672995507717133,0.12247809022665024,0.3073884844779968,0.32089871168136597,0.2738921344280243,0.6248578429222107,0.2538079023361206,0.5938844680786133,0.25286293029785156,0.4594639241695404,0.7323881983757019,0.3009575605392456,0.2796008586883545,0.2578933537006378,0.5723143815994263
/p/project1/hai_1252/toulouse1/flexcraft/data/adapt/full_run_seed/2026-06-27_10:57:16_adapt_full_run_c4_1/3QDG+MAVMAPRTLV+TLMSAMTNL+CALSAPNSGN+CASSYSKEGG_0_383.pdb,0.39024966955184937,0.5218790173530579,0.428801953792572,0.39910149574279785,0.4719485938549042,0.7969854474067688,0.4473673403263092,0.6726645231246948,0.7022229433059692,0.5191249847412109,0.43338003754615784,0.5610224008560181,0.5505126118659973,0.5204266309738159,0.5227750539779663,0.5788071751594543,0.5246167778968811,0.5288040637969971,0.8241100907325745,0.5004132390022278,0.7000685930252075,0.39819255471229553,0.7528102993965149,0.5586004257202148,0.5831555128097534,0.4689990282058716,1.1340406672388781e-05,0.7754923105239868,0.5812668204307556,0.47649335861206055,0.589380145072937,0.7544658780097961,0.5934608578681946,0.18496544659137726,0.5924368500709534,0.7676016688346863,0.36435285210609436,0.41946375370025635,1.2084805965423584,0.5286073088645935,0.5485675930976868,0.5662420988082886,0.506193995475769,0.8021938800811768,0.5075382590293884,0.505276083946228,0.5348451137542725,0.5705649852752686,0.5532239675521851,0.5374966263771057,0.5905349850654602,0.8427824378013611,0.5190150737762451,0.4619459807872772,0.9778608679771423,0.3625294268131256,0.5755943059921265,0.5455747246742249,0.8285237550735474
/p/project1/hai_1252/toulouse1/flexcraft/data/adapt/full_run_seed/2026-06-27_10:57:16_adapt_full_run_c4_1/3QDG+MAVMAPRTLV+TLMSAMTNL+CALSAPNSGN+CASSYSKEGG_0_601.pdb,0.5768148303031921,0.522466242313385,0.6434507369995117,0.8005453944206238,0.5530927777290344,0.7043947577476501,0.5445956587791443,0.5144808292388916,0.6684795618057251,0.5270676016807556,0.6963331699371338,0.5002433657646179,0.4803837835788727,0.47723498940467834,0.5029639601707458,0.5647679567337036,0.5498096346855164,0.4736623167991638,0.6671443581581116,0.5243600010871887,0.6699804663658142,0.6159762144088745,0.550101101398468,0.5161097645759583,0.5856577157974243,0.5170312523841858,0.7754898071289062,1.4029476915311534e-05,0.5035944581031799,0.6396875977516174,0.5469728112220764,0.33829089999198914,0.555424690246582,0.8152463436126709,0.5302879214286804,0.8058747053146362,0.6915419697761536,0.5912154316902161,1.0786348581314087,0.5805546641349792,0.5267975926399231,0.5216919779777527,0.528923749923706,0.6839293241500854,0.6245284080505371,0.507587730884552,0.5684827566146851,0.6489121317863464,0.4862346351146698,0.7395040392875671,0.49406957626342773,0.7183274030685425,0.5607694387435913,0.7040982246398926,0.4547273516654968,0.6608079075813293,0.6136003136634827,0.5669196248054504,0.7012929916381836
/p/project1/hai_1252/toulouse1/flexcraft/data/adapt/full_run_seed/2026-06-27_10:57:16_adapt_full_run_c4_1/3QDG+MAVMAPRTLV+TLMSAMTNL+CALSAPNSGN+CASSYSKEGG_0_519.pdb,0.3952766954898834,0.22794054448604584,0.4372348487377167,0.5947183966636658,0.34569719433784485,0.4809822738170624,0.3118537366390228,0.5000052452087402,0.4252045154571533,0.24409924447536469,0.6166107058525085,0.1713741421699524,0.14412535727024078,0.21596570312976837,0.18660520017147064,0.17079032957553864,0.22950148582458496,0.2314632087945938,0.4664050042629242,0.20356975495815277,0.4436429440975189,0.38752153515815735,0.35884010791778564,0.3973444700241089,0.47073274850845337,0.3261318802833557,0.5812674164772034,0.5035945177078247,6.001951078360435e-06,0.4272030293941498,0.31687095761299133,0.4975034296512604,0.1280680000782013,0.6184050440788269,0.30252766609191895,0.7301161289215088,0.4580966532230377,0.40581950545310974,1.2254319190979004,0.2744492292404175,0.18331140279769897,0.4326411485671997,0.37172213196754456,0.47195690870285034,0.4416798949241638,0.2663373351097107,0.23765528202056885,0.4022022485733032,0.11069342494010925,0.7295427918434143,0.1837276667356491,0.5193594098091125,0.23297402262687683,0.5991473197937012,0.7186387181282043,0.4434156119823456,0.4418431222438812,0.34846508502960205,0.49676892161369324
/p/project1/hai_1252/toulouse1/flexcraft/data/adapt/full_run_seed/2026-06-27_10:57:16_adapt_full_run_c4_1/3QDG+MAVMAPRTLV+TLMSAMTNL+CALSAPNSGN+CASSYSKEGG_0_251.pdb,0.3086508512496948,0.36693936586380005,0.44927525520324707,0.44311583042144775,0.2388620674610138,0.573235809803009,0.337128221988678,0.5206964015960693,0.4182857573032379,0.24673479795455933,0.5426834225654602,0.3544557988643646,0.3716677725315094,0.31209796667099,0.3324667811393738,0.38305699825286865,0.34455937147140503,0.3549034893512726,0.6238666772842407,0.3910943269729614,0.499153733253479,0.34184691309928894,0.5088276267051697,0.4016643762588501,0.2854399085044861,0.25809067487716675,0.4764920473098755,0.6396815180778503,0.42720475792884827,3.087732693529688e-05,0.37239426374435425,0.6073325872421265,0.41410502791404724,0.5488969087600708,0.4592342674732208,0.7528482675552368,0.38016095757484436,0.36905398964881897,1.1740041971206665,0.37927791476249695,0.3012327253818512,0.5171768665313721,0.2135944664478302,0.600662112236023,0.17008528113365173,0.25713294744491577,0.38684454560279846,0.2202931046485901,0.38157179951667786,0.6863503456115723,0.33855828642845154,0.6465126276016235,0.3053419589996338,0.5309029817581177,0.8278028964996338,0.26865649223327637,0.2048763930797577,0.20431005954742432,0.6233711838722229
/p/project1/hai_1252/toulouse1/flexcraft/data/adapt/full_run_seed/2026-06-27_10:57:16_adapt_full_run_c4_1/3QDG+MAVMAPRTLV+TLMSAMTNL+CALSAPNSGN+CASSYSKEGG_0_373.pdb,0.4034961760044098,0.34606656432151794,0.5136305093765259,0.5686662197113037,0.33352896571159363,0.4485453963279724,0.3681623935699463,0.4840611517429352,0.35711970925331116,0.2524508535861969,0.5896585583686829,0.298417329788208,0.30733585357666016,0.2807561159133911,0.30636584758758545,0.31479936838150024,0.3325195908546448,0.24689218401908875,0.45813801884651184,0.3676999807357788,0.41209185123443604,0.4306187331676483,0.36651620268821716,0.39695975184440613,0.410280704498291,0.34451475739479065,0.5893809199333191,0.5469655394554138,0.3168693482875824,0.3723945617675781,4.086436456418596e-05,0.5068323612213135,0.3224978744983673,0.645961344242096,0.3420301377773285,0.7249915599822998,0.5346422791481018,0.4550154507160187,1.170852780342102,0.3562358319759369,0.26635587215423584,0.42824265360832214,0.33890068531036377,0.4552529752254486,0.3887023329734802,0.27140751481056213,0.37778279185295105,0.3340532183647156,0.30118072032928467,0.7535635828971863,0.2445606142282486,0.4992447793483734,0.2762586772441864,0.6076328158378601,0.7204347252845764,0.4747945964336395,0.3829743266105652,0.2908981740474701,0.4771941006183624
/p/project1/hai_1252/toulouse1/flexcraft/data/adapt/full_run_seed/2026-06-27_10:57:16_adapt_full_run_c4_1/3QDG+MAVMAPRTLV+TLMSAMTNL+CALSAPNSGN+CASSYSKEGG_0_560.pdb,0.5685629844665527,0.5194867849349976,0.6314125657081604,0.8083266615867615,0.5214326977729797,0.6241285800933838,0.5352961421012878,0.5653890371322632,0.5916212797164917,0.5078192949295044,0.6973972916603088,0.4837697148323059,0.4744831621646881,0.44842827320098877,0.4938330352306366,0.5584847331047058,0.537915050983429,0.451895534992218,0.6050689816474915,0.5062954425811768,0.5902773141860962,0.6017245650291443,0.4935647249221802,0.5609167814254761,0.5818840861320496,0.49187421798706055,0.7544654011726379,0.3382907509803772,0.49750563502311707,0.6073325872421265,0.5068462491035461,3.770352805076982e-06,0.5413957834243774,0.7935959100723267,0.5498846769332886,0.8839786052703857,0.6730020642280579,0.5772513151168823,1.1427804231643677,0.5694087147712708,0.5013656616210938,0.5229243636131287,0.4983275234699249,0.6056507229804993,0.5976358652114868,0.4805389642715454,0.568007230758667,0.599560558795929,0.4721733033657074,0.7098429799079895,0.46732181310653687,0.6374325156211853,0.5602248907089233,0.6829894781112671,0.4797738194465637,0.6381283402442932,0.5739916563034058,0.5477801561355591,0.6222894191741943
/p/project1/hai_1252/toulouse1/flexcraft/data/adapt/full_run_seed/2026-06-27_10:57:16_adapt_full_run_c4_1/3QDG+MAVMAPRTLV+TLMSAMTNL+CALSAPNSGN+CASSYSKEGG_0_584.pdb,0.4125358760356903,0.2059304267168045,0.46677452325820923,0.5664289593696594,0.365872323513031,0.4977256655693054,0.32244306802749634,0.4991048276424408,0.41990095376968384,0.2489321082830429,0.6379883885383606,0.18909288942813873,0.15914949774742126,0.25033265352249146,0.19252362847328186,0.09692510962486267,0.19891130924224854,0.24527408182621002,0.48306024074554443,0.24998293817043304,0.4640640318393707,0.4099239706993103,0.3455018103122711,0.40417179465293884,0.47166958451271057,0.340015172958374,0.5934599041938782,0.5554225444793701,0.12806741893291473,0.4141043424606323,0.32249581813812256,0.5413930416107178,6.192304681462701e-06,0.6348718404769897,0.3570809066295624,0.7119126319885254,0.47867316007614136,0.4240890443325043,1.2357487678527832,0.2730043828487396,0.17621317505836487,0.46332916617393494,0.3815499246120453,0.4928376376628876,0.43058139085769653,0.2869265377521515,0.19727075099945068,0.4051434397697449,0.16237400472164154,0.7679519057273865,0.19385050237178802,0.5421625971794128,0.21983304619789124,0.627758800983429,0.7635720372200012,0.45895081758499146,0.4297029972076416,0.3360622227191925,0.5166337490081787
/p/project1/hai_1252/toulouse1/flexcraft/data/adapt/full_run_seed/2026-06-27_10:57:16_adapt_full_run_c4_1/3QDG+MAVMAPRTLV+TLMSAMTNL+CALSAPNSGN+CASSYSKEGG_0_495.pdb,0.41788139939308167,0.5807015895843506,0.39974072575569153,0.45623111724853516,0.5178855061531067,0.808313250541687,0.5019256472587585,0.7367548942565918,0.7361094951629639,0.581527829170227,0.4654823839664459,0.6109918355941772,0.6028172969818115,0.5711219310760498,0.5821138620376587,0.632199227809906,0.5749370455741882,0.5884882211685181,0.8341927528381348,0.5149251818656921,0.7143040299415588,0.4058099389076233,0.8030176162719727,0.6409582495689392,0.6278469562530518,0.5175428986549377,0.1849634051322937,0.8152472972869873,0.6184055209159851,0.5488966107368469,0.6459622383117676,0.7935961484909058,0.6348715424537659,6.8578360696847085e-06,0.6471317410469055,0.839134156703949,0.38026851415634155,0.43087154626846313,1.2948189973831177,0.5416268706321716,0.6018896102905273,0.6450600624084473,0.5697711110115051,0.8089213967323303,0.5772102475166321,0.5584053993225098,0.5742364525794983,0.6249822974205017,0.6037926077842712,0.5271182060241699,0.6438866853713989,0.8471466302871704,0.5713366866111755,0.4389205873012543,1.0207256078720093,0.4018094539642334,0.6561009883880615,0.6270454525947571,0.8352821469306946
/p/project1/hai_1252/toulouse1/flexcraft/data/adapt/full_run_seed/2026-06-27_10:57:16_adapt_full_run_c4_1/3QDG+MAVMAPRTLV+TLMSAMTNL+CALSAPNSGN+CASSYSKEGG_0_538.pdb,0.44108840823173523,0.35546571016311646,0.5200580358505249,0.5838999152183533,0.40842583775520325,0.6190738677978516,0.3648034334182739,0.46332189440727234,0.5613324642181396,0.29357942938804626,0.5683958530426025,0.3415306806564331,0.30853694677352905,0.2918701767921448,0.29961472749710083,0.3616802394390106,0.3764266073703766,0.3242454528808594,0.6199114322662354,0.3766871690750122,0.5783385038375854,0.45397648215293884,0.49656566977500916,0.34779298305511475,0.4854988753795624,0.3747508227825165,0.5924375057220459,0.5302919149398804,0.30253317952156067,0.4592343270778656,0.34203019738197327,0.5498809814453125,0.3570822775363922,0.6471304297447205,1.075818818208063e-05,0.6856902837753296,0.5132108926773071,0.4614628851413727,1.155139446258545,0.40147295594215393,0.30921536684036255,0.3789019286632538,0.4021512567996979,0.6213943958282471,0.4695950746536255,0.31292134523391724,0.41467905044555664,0.44665706157684326,0.30013400316238403,0.7325368523597717,0.30456605553627014,0.661867082118988,0.28408384323120117,0.6085105538368225,0.7600822448730469,0.4706135094165802,0.48143506050109863,0.361759215593338,0.6468851566314697
/p/project1/hai_1252/toulouse1/flexcraft/data/adapt/full_run_seed/2026-06-27_10:57:16_adapt_full_run_c4_1/3QDG+MAVMAPRTLV+TLMSAMTNL+CALSAPNSGN+CASSYSKEGG_0_558.pdb,0.7617698907852173,0.6807814240455627,0.8650854825973511,0.6905336976051331,0.7782443165779114,1.0199867486953735,0.7149279713630676,0.5007337927818298,0.922121524810791,0.6780684590339661,0.778660237789154,0.7161692380905151,0.6948263645172119,0.7243267893791199,0.6794555187225342,0.6764423847198486,0.6741650104522705,0.6955670714378357,0.9804075360298157,0.7834157347679138,0.988617479801178,0.8087459206581116,0.8260724544525146,0.5670990347862244,0.7207848429679871,0.7414215207099915,0.767599880695343,0.8058760166168213,0.7301199436187744,0.7528478503227234,0.7249935865402222,0.8839818835258484,0.7119082808494568,0.8391336798667908,0.6856889724731445,9.007043445308227e-06,0.8770586848258972,0.7929641604423523,0.9899523258209229,0.7316170930862427,0.6950348615646362,0.583013653755188,0.7466588616371155,1.0197367668151855,0.7455804944038391,0.7228674292564392,0.682741105556488,0.8162685036659241,0.7281684875488281,0.969703197479248,0.7164652943611145,1.0636560916900635,0.6506868004798889,0.9022263288497925,1.0605850219726562,0.8341256976127625,0.7599086761474609,0.6839107275009155,1.0399690866470337
/p/project1/hai_1252/toulouse1/flexcraft/data/adapt/full_run_seed/2026-06-27_10:57:16_adapt_full_run_c4_1/3QDG+MAVMAPRTLV+TLMSAMTNL+CALSAPNSGN+CASSYSKEGG_0_596.pdb,0.29205265641212463,0.4367033839225769,0.273334264755249,0.49793732166290283,0.3424627482891083,0.6424996256828308,0.3725317120552063,0.6577883958816528,0.5567889213562012,0.42006179690361023,0.5402368903160095,0.4467656910419464,0.44400131702423096,0.4054054021835327,0.4213608503341675,0.48093026876449585,0.4582737386226654,0.47083598375320435,0.699620246887207,0.3646508753299713,0.5389499664306641,0.24242259562015533,0.6438228487968445,0.5439882874488831,0.5036106109619141,0.37278127670288086,0.3643525540828705,0.6915401816368103,0.4580966830253601,0.38015466928482056,0.5346453785896301,0.673001229763031,0.4786732792854309,0.3802679479122162,0.5132130980491638,0.8770565390586853,2.0442130335140973e-05,0.3047696650028229,1.3044344186782837,0.4194161891937256,0.43155980110168457,0.628078281879425,0.4075523912906647,0.6579908132553101,0.41831716895103455,0.39343908429145813,0.4704642593860626,0.42932257056236267,0.42439183592796326,0.5511903762817383,0.47612401843070984,0.6959801912307739,0.43465304374694824,0.4586777091026306,0.8895237445831299,0.1390419751405716,0.47641319036483765,0.4579930603504181,0.683824896812439
/p/project1/hai_1252/toulouse1/flexcraft/data/adapt/full_run_seed/2026-06-27_10:57:16_adapt_full_run_c4_1/3QDG+MAVMAPRTLV+TLMSAMTNL+CALSAPNSGN+CASSYSKEGG_0_417.pdb,0.1495817005634308,0.35544806718826294,0.18689121305942535,0.4708777666091919,0.2344510704278946,0.6062476634979248,0.28291216492652893,0.5547299981117249,0.5144770741462708,0.35311344265937805,0.4248832166194916,0.3744945526123047,0.3625982701778412,0.29286989569664,0.3455488383769989,0.4338579475879669,0.3793049454689026,0.40282315015792847,0.6463197469711304,0.2993912100791931,0.5054176449775696,0.16310131549835205,0.5666612386703491,0.44935330748558044,0.4209107756614685,0.2516952455043793,0.4194636046886444,0.5912163257598877,0.40581879019737244,0.36905637383461,0.45501425862312317,0.5772532820701599,0.4240877628326416,0.43087103962898254,0.4614616930484772,0.7929645776748657,0.30476704239845276,2.1927566194790415e-05,1.2280380725860596,0.35305413603782654,0.37204697728157043,0.5206201672554016,0.3310838043689728,0.6076681613922119,0.3629186749458313,0.30318355560302734,0.39629921317100525,0.4146250784397125,0.3643392026424408,0.5186316967010498,0.40688103437423706,0.6523947715759277,0.3801121115684509,0.3479689061641693,0.8150702714920044,0.2710312008857727,0.4290546774864197,0.4264155328273773,0.6377254724502563
/p/project1/hai_1252/toulouse1/flexcraft/data/adapt/full_run_seed/2026-06-27_10:57:16_adapt_full_run_c4_1/3QDG+MAVMAPRTLV+TLMSAMTNL+CALSAPNSGN+CASSYSKEGG_0_354.pdb,1.159251093864441,1.1160537004470825,1.3145792484283447,1.1244045495986938,1.2135995626449585,1.4969881772994995,1.1078728437423706,0.9568525552749634,1.3773715496063232,1.1347743272781372,1.098481297492981,1.170698642730713,1.1470534801483154,1.1723406314849854,1.1286797523498535,1.180449366569519,1.1308765411376953,1.147481918334961,1.4354560375213623,1.2511895895004272,1.447685718536377,1.251996636390686,1.2454279661178589,0.9420155882835388,1.1682935953140259,1.1596331596374512,1.2084777355194092,1.0786385536193848,1.225429654121399,1.174006462097168,1.170849323272705,1.1427749395370483,1.2357491254806519,1.2948167324066162,1.1551405191421509,0.9899541735649109,1.304436445236206,1.2280405759811401,7.863961400289554e-06,1.1915860176086426,1.1679344177246094,0.9414265155792236,1.1479110717773438,1.4777971506118774,1.1260621547698975,1.1628007888793945,1.1537326574325562,1.2739959955215454,1.1941510438919067,1.251774787902832,1.1818777322769165,1.5238345861434937,1.144680142402649,1.2806692123413086,1.2804254293441772,1.2630956172943115,1.1388088464736938,1.1072443723678589,1.4953638315200806
/p/project1/hai_1252/toulouse1/flexcraft/data/adapt/full_run_seed/2026-06-27_10:57:16_adapt_full_run_c4_1/3QDG+MAVMAPRTLV+TLMSAMTNL+CALSAPNSGN+CASSYSKEGG_0_528.pdb,0.3175429105758667,0.26508039236068726,0.3762410283088684,0.518803060054779,0.3279382288455963,0.519349217414856,0.2779029905796051,0.5066750049591064,0.4317276179790497,0.2597780227661133,0.5826783180236816,0.26450100541114807,0.2516576051712036,0.2769925594329834,0.2517961859703064,0.26261135935783386,0.24671699106693268,0.3138763904571533,0.508611798286438,0.2545512914657593,0.4712410867214203,0.3282111883163452,0.44271495938301086,0.40636202692985535,0.4074629247188568,0.29103511571884155,0.5286073088645935,0.5805553793907166,0.2744486629962921,0.37927761673927307,0.35622742772102356,0.5694071054458618,0.27300435304641724,0.5416272878646851,0.4014756381511688,0.7316169738769531,0.4194157123565674,0.35305464267730713,1.1915830373764038,8.203018296626396e-06,0.23848657310009003,0.5093488693237305,0.3558378219604492,0.5081406831741333,0.373276948928833,0.26612207293510437,0.24843668937683105,0.39866581559181213,0.2798837125301361,0.6701077818870544,0.2762393057346344,0.5620294809341431,0.22243443131446838,0.5493291616439819,0.8044134974479675,0.397469699382782,0.4255526065826416,0.35996755957603455,0.5335841178894043
/p/project1/hai_1252/toulouse1/flexcraft/data/adapt/full_run_seed/2026-06-27_10:57:16_adapt_full_run_c4_1/3QDG+MAVMAPRTLV+TLMSAMTNL+CALSAPNSGN+CASSYSKEGG_0_396.pdb,0.3362828493118286,0.19546253979206085,0.4310043156147003,0.52840656042099,0.26374757289886475,0.4914432466030121,0.2609257996082306,0.4475335478782654,0.38044121861457825,0.10481412708759308,0.5936889052391052,0.13426581025123596,0.13411705195903778,0.1639779657125473,0.11482203006744385,0.15315020084381104,0.1577400416135788,0.19444864988327026,0.501509964466095,0.2542475759983063,0.4506112337112427,0.3484794795513153,0.34115567803382874,0.3321297764778137,0.3566768169403076,0.2317027449607849,0.5485687851905823,0.5267958641052246,0.1833125799894333,0.30123093724250793,0.26635807752609253,0.5013646483421326,0.17621545493602753,0.6018915176391602,0.3092159032821655,0.6950351595878601,0.4315629005432129,0.37204813957214355,1.167933464050293,0.2384888231754303,9.97417464532191e-06,0.41605979204177856,0.2585034966468811,0.49735793471336365,0.30534714460372925,0.15960265696048737,0.20846101641654968,0.2981993556022644,0.154706671833992,0.7252174019813538,0.09009763598442078,0.5494238138198853,0.1343589723110199,0.5897683501243591,0.740245521068573,0.3838053047657013,0.305708646774292,0.21251729130744934,0.5218406915664673
/p/project1/hai_1252/toulouse1/flexcraft/data/adapt/full_run_seed/2026-06-27_10:57:16_adapt_full_run_c4_1/3QDG+MAVMAPRTLV+TLMSAMTNL+CALSAPNSGN+CASSYSKEGG_0_487.pdb,0.47897616028785706,0.38644057512283325,0.6097012162208557,0.5514633655548096,0.4855203628540039,0.7634603381156921,0.4036460220813751,0.4334145188331604,0.6754336357116699,0.3923717141151428,0.4780869781970978,0.420106440782547,0.38085469603538513,0.37848299741744995,0.3711981177330017,0.4399762749671936,0.40143972635269165,0.3468167781829834,0.7322844862937927,0.48512378334999084,0.7079002261161804,0.5479522347450256,0.5444514751434326,0.3054859936237335,0.5365791320800781,0.42380890250205994,0.5662422776222229,0.5216882824897766,0.4326445460319519,0.517178475856781,0.4282452166080475,0.5229241251945496,0.4633316993713379,0.6450602412223816,0.3789023160934448,0.5830122828483582,0.6280772686004639,0.5206201076507568,0.9414243102073669,0.5093502402305603,0.41606056690216064,1.1352577530487906e-05,0.4420492947101593,0.754050612449646,0.5039074420928955,0.408912718296051,0.43967318534851074,0.5746158957481384,0.41102316975593567,0.7512938380241394,0.4174410104751587,0.798731803894043,0.41287100315093994,0.6083118319511414,0.7554548978805542,0.5812219977378845,0.5065589547157288,0.4247249662876129,0.7777044773101807
/p/project1/hai_1252/toulouse1/flexcraft/data/adapt/full_run_seed/2026-06-27_10:57:16_adapt_full_run_c4_1/3QDG+MAVMAPRTLV+TLMSAMTNL+CALSAPNSGN+CASSYSKEGG_0_306.pdb,0.2906542420387268,0.3161282241344452,0.4231360852718353,0.527411699295044,0.19478818774223328,0.5344200134277344,0.29102760553359985,0.48611947894096375,0.4055943191051483,0.20572823286056519,0.5394138097763062,0.2972889840602875,0.29960018396377563,0.21437637507915497,0.2735837697982788,0.364388644695282,0.31479713320732117,0.29489073157310486,0.5696191191673279,0.3508935868740082,0.46432018280029297,0.3340206444263458,0.40636515617370605,0.36553746461868286,0.2576467990875244,0.14071078598499298,0.5061981678009033,0.5289240479469299,0.37171831727027893,0.21359215676784515,0.33890148997306824,0.498328298330307,0.3815494775772095,0.5697702169418335,0.4021517336368561,0.746660053730011,0.40754958987236023,0.33108392357826233,1.1479099988937378,0.3558379113674164,0.25850439071655273,0.4420495331287384,1.2583939678734168e-05,0.5475122332572937,0.19383418560028076,0.1573532223701477,0.36763328313827515,0.2652827799320221,0.31564685702323914,0.6792049407958984,0.2646983563899994,0.5935971140861511,0.2962108254432678,0.5189037919044495,0.7319872975349426,0.3208334147930145,0.18300652503967285,0.1903204470872879,0.5718321204185486
/p/project1/hai_1252/toulouse1/flexcraft/data/adapt/full_run_seed/2026-06-27_10:57:16_adapt_full_run_c4_1/3QDG+MAVMAPRTLV+TLMSAMTNL+CALSAPNSGN+CASSYSKEGG_0_402.pdb,0.6133852005004883,0.5825998783111572,0.6124587655067444,0.8814811110496521,0.49795401096343994,0.09807967394590378,0.6049824357032776,0.7750401496887207,0.24603228271007538,0.5252939462661743,0.8460898995399475,0.4901382625102997,0.5260438323020935,0.48360031843185425,0.5544388890266418,0.525931715965271,0.55967777967453,0.49564141035079956,0.14231519401073456,0.45501065254211426,0.1969204545021057,0.5823302865028381,0.40263521671295166,0.7255051136016846,0.5975601077079773,0.5452332496643066,0.802196741104126,0.6839298009872437,0.47195491194725037,0.6006689071655273,0.4552481174468994,0.6056503057479858,0.4928387701511383,0.8089208602905273,0.6213967204093933,1.019734501838684,0.6579885482788086,0.6076697707176208,1.4777958393096924,0.508140504360199,0.4973567724227905,0.7540475726127625,0.5475152134895325,9.548502930556424e-06,0.6180934309959412,0.500186026096344,0.5756686329841614,0.4901089668273926,0.4832274615764618,0.8861463069915771,0.45692968368530273,0.06946030259132385,0.5541964173316956,0.7351894378662109,0.7799152135848999,0.633713960647583,0.5922943949699402,0.5827001333236694,0.04634915664792061
/p/project1/hai_1252/toulouse1/flexcraft/data/adapt/full_run_seed/2026-06-27_10:57:16_adapt_full_run_c4_1/3QDG+MAVMAPRTLV+TLMSAMTNL+CALSAPNSGN+CASSYSKEGG_0_219.pdb,0.3081112205982208,0.3656104505062103,0.45272859930992126,0.47614410519599915,0.2412530928850174,0.5990822315216064,0.3348604440689087,0.49938130378723145,0.43963977694511414,0.25125497579574585,0.5677888989448547,0.35139474272727966,0.3636356592178345,0.312375009059906,0.32628804445266724,0.3921244144439697,0.34569108486175537,0.37918388843536377,0.644553005695343,0.42127078771591187,0.5325801968574524,0.3502369225025177,0.5040382146835327,0.39451926946640015,0.2714608311653137,0.24673213064670563,0.5075375437736511,0.6245296001434326,0.4416799247264862,0.17008548974990845,0.3887028396129608,0.5976390838623047,0.43057918548583984,0.5772107243537903,0.46959593892097473,0.7455812096595764,0.41831836104393005,0.36291465163230896,1.1260621547698975,0.3732813000679016,0.3053472340106964,0.5039083957672119,0.19383475184440613,0.6181027889251709,5.491922820510808e-06,0.24591349065303802,0.38951021432876587,0.24309468269348145,0.3896568715572357,0.705574631690979,0.3385132849216461,0.6683053970336914,0.32053637504577637,0.5660863518714905,0.8238351345062256,0.3236827254295349,0.1625327467918396,0.20850762724876404,0.6412819623947144
/p/project1/hai_1252/toulouse1/flexcraft/data/adapt/full_run_seed/2026-06-27_10:57:16_adapt_full_run_c4_1/3QDG+MAVMAPRTLV+TLMSAMTNL+CALSAPNSGN+CASSYSKEGG_0_317.pdb,0.2649505138397217,0.24062246084213257,0.3790232539176941,0.5113809704780579,0.18539677560329437,0.4929538071155548,0.21743594110012054,0.44948604702949524,0.3806295394897461,0.10808341205120087,0.5257782340049744,0.19699174165725708,0.20045337080955505,0.11991982907056808,0.17469732463359833,0.27181345224380493,0.23045219480991364,0.22575202584266663,0.5204879641532898,0.26213663816452026,0.4309285879135132,0.29319849610328674,0.3779470920562744,0.3193471133708954,0.2966880798339844,0.12247978150844574,0.5052772760391235,0.507587730884552,0.26633986830711365,0.25713637471199036,0.2714102864265442,0.48053300380706787,0.28692471981048584,0.5584061145782471,0.31292226910591125,0.7228662371635437,0.3934398889541626,0.3031872808933258,1.1628001928329468,0.2661203145980835,0.1596032977104187,0.40891245007514954,0.15735642611980438,0.5001828074455261,0.2459142804145813,7.869693945394829e-06,0.2832372188568115,0.27106600999832153,0.21426180005073547,0.6701973080635071,0.17370904982089996,0.5500854849815369,0.18796290457248688,0.5140923261642456,0.7242546081542969,0.3234597444534302,0.2684006690979004,0.2017572969198227,0.5268921256065369
/p/project1/hai_1252/toulouse1/flexcraft/data/adapt/full_run_seed/2026-06-27_10:57:16_adapt_full_run_c4_1/3QDG+MAVMAPRTLV+TLMSAMTNL+CALSAPNSGN+CASSYSKEGG_0_574.pdb,0.3658004403114319,0.1811429262161255,0.44217461347579956,0.4875604808330536,0.3621519207954407,0.5852479338645935,0.26623770594596863,0.47892776131629944,0.4838108420372009,0.25038859248161316,0.5801113843917847,0.1847846806049347,0.1872156411409378,0.27708980441093445,0.19139140844345093,0.16624142229557037,0.08579859882593155,0.2824445366859436,0.5629598498344421,0.26859304308891296,0.5369426608085632,0.3811257779598236,0.4182620048522949,0.35741353034973145,0.4425320327281952,0.30738773941993713,0.534844160079956,0.5684830546379089,0.23765505850315094,0.38684362173080444,0.3777830898761749,0.568006694316864,0.1972726583480835,0.5742360353469849,0.41467568278312683,0.6827419400215149,0.47046440839767456,0.39630019664764404,1.153732419013977,0.2484360784292221,0.20846086740493774,0.43967053294181824,0.36763259768486023,0.5756710171699524,0.38951513171195984,0.2832384705543518,2.2532687580678612e-05,0.43755602836608887,0.23535290360450745,0.7241848111152649,0.254885196685791,0.6300082802772522,0.21009625494480133,0.5924338698387146,0.8004891872406006,0.4439338743686676,0.42048516869544983,0.340298056602478,0.6009759902954102
/p/project1/hai_1252/toulouse1/flexcraft/data/adapt/full_run_seed/2026-06-27_10:57:16_adapt_full_run_c4_1/3QDG+MAVMAPRTLV+TLMSAMTNL+CALSAPNSGN+CASSYSKEGG_0_231.pdb,0.3776187300682068,0.43064114451408386,0.4685668647289276,0.5916192531585693,0.23243799805641174,0.44891977310180664,0.4233429729938507,0.5750508308410645,0.3060082793235779,0.26868584752082825,0.6579276323318481,0.3508111238479614,0.387012243270874,0.3211393356323242,0.36355552077293396,0.39163288474082947,0.3949390947818756,0.36317670345306396,0.5355338454246521,0.40126076340675354,0.4040459394454956,0.3703066408634186,0.4696487784385681,0.4965200424194336,0.30385130643844604,0.3208996653556824,0.5705656409263611,0.6489090323448181,0.40220314264297485,0.22029419243335724,0.33405357599258423,0.599559485912323,0.4051413834095001,0.6249769330024719,0.4466574490070343,0.8162696957588196,0.4293243885040283,0.4146239459514618,1.2739975452423096,0.39865875244140625,0.29820069670677185,0.5746150612831116,0.2652847468852997,0.49011868238449097,0.24309416115283966,0.2710680067539215,0.4375540614128113,3.0062726636970183e-06,0.36830809712409973,0.7566526532173157,0.30597272515296936,0.5324411392211914,0.34088560938835144,0.6057689785957336,0.8135082721710205,0.34341269731521606,0.22787968814373016,0.2499435693025589,0.5102371573448181
/p/project1/hai_1252/toulouse1/flexcraft/data/adapt/full_run_seed/2026-06-27_10:57:16_adapt_full_run_c4_1/3QDG+MAVMAPRTLV+TLMSAMTNL+CALSAPNSGN+CASSYSKEGG_0_535.pdb,0.35269272327423096,0.18561650812625885,0.413411408662796,0.5714581608772278,0.2981150448322296,0.4879032373428345,0.258745402097702,0.47140663862228394,0.41073545813560486,0.20561029016971588,0.5933544039726257,0.12360132485628128,0.10924853384494781,0.16310739517211914,0.1333618313074112,0.17672492563724518,0.21028713881969452,0.21274134516716003,0.4871131181716919,0.1923585832118988,0.4363398253917694,0.3551762104034424,0.3433240056037903,0.3540264368057251,0.4327923059463501,0.2738916575908661,0.5532243847846985,0.48623552918434143,0.11069054156541824,0.3815682530403137,0.30118611454963684,0.472175657749176,0.1623740792274475,0.6037917733192444,0.30013254284858704,0.7281705141067505,0.4243919253349304,0.3643399178981781,1.1941471099853516,0.2798856794834137,0.15470390021800995,0.4110209047794342,0.31564465165138245,0.48322978615760803,0.38965651392936707,0.21426256000995636,0.23535120487213135,0.3683100640773773,1.9191358660464175e-05,0.7078394293785095,0.15703600645065308,0.5304993987083435,0.21310897171497345,0.5821181535720825,0.7058725953102112,0.40055206418037415,0.38700905442237854,0.3042946755886078,0.5084719061851501
/p/project1/hai_1252/toulouse1/flexcraft/data/adapt/full_run_seed/2026-06-27_10:57:16_adapt_full_run_c4_1/3QDG+MAVMAPRTLV+TLMSAMTNL+CALSAPNSGN+CASSYSKEGG_0_510.pdb,0.5260375142097473,0.6963889598846436,0.5261111855506897,0.6660746335983276,0.6290959715843201,0.8946287035942078,0.6096041202545166,0.7664491534233093,0.8413709998130798,0.7007178664207458,0.5319943428039551,0.7213420867919922,0.7058854103088379,0.6611635684967041,0.6956697106361389,0.7747433185577393,0.715969979763031,0.7123233675956726,0.9054715037345886,0.6287119388580322,0.799018383026123,0.5323737263679504,0.8949740529060364,0.7114560008049011,0.7580900192260742,0.6248592138290405,0.5374929904937744,0.7395026087760925,0.7295404672622681,0.6863531470298767,0.7535664439201355,0.7098439931869507,0.7679513692855835,0.5271201729774475,0.7325350642204285,0.9697113633155823,0.5511969923973083,0.5186317563056946,1.2517726421356201,0.6701093316078186,0.7252116799354553,0.7512897253036499,0.6792048215866089,0.8861464858055115,0.7055734395980835,0.6701957583427429,0.7241867184638977,0.7566495537757874,0.70783531665802,2.0991799829062074e-05,0.7497979998588562,0.9190677404403687,0.7151184678077698,0.4522062838077545,0.8995896577835083,0.560569703578949,0.7653064131736755,0.7468680739402771,0.9097973108291626
/p/project1/hai_1252/toulouse1/flexcraft/data/adapt/full_run_seed/2026-06-27_10:57:16_adapt_full_run_c4_1/3QDG+MAVMAPRTLV+TLMSAMTNL+CALSAPNSGN+CASSYSKEGG_0_457.pdb,0.3764682710170746,0.23569953441619873,0.4662400484085083,0.5886034965515137,0.2813040614128113,0.4537201225757599,0.30292272567749023,0.4514113962650299,0.35706087946891785,0.14495134353637695,0.6253721117973328,0.14639298617839813,0.15047067403793335,0.16645249724388123,0.15405918657779694,0.18515397608280182,0.20706042647361755,0.1804008036851883,0.4584462642669678,0.27481138706207275,0.4267784059047699,0.38889163732528687,0.2907131612300873,0.35589563846588135,0.36104705929756165,0.2538084089756012,0.5905352830886841,0.49407196044921875,0.1837310492992401,0.33855634927749634,0.2445591390132904,0.4673222601413727,0.19385215640068054,0.643887996673584,0.30456236004829407,0.716464102268219,0.4761247932910919,0.406882643699646,1.1818768978118896,0.27623939514160156,0.09009841084480286,0.417440801858902,0.26469793915748596,0.4569275975227356,0.33851173520088196,0.17370927333831787,0.25488805770874023,0.3059718608856201,0.1570376455783844,0.7497974038124084,1.5885761968092993e-05,0.5073966383934021,0.1864524632692337,0.6152890920639038,0.6972528696060181,0.42731064558029175,0.31753864884376526,0.23075927793979645,0.479971319437027
/p/project1/hai_1252/toulouse1/flexcraft/data/adapt/full_run_seed/2026-06-27_10:57:16_adapt_full_run_c4_1/3QDG+MAVMAPRTLV+TLMSAMTNL+CALSAPNSGN+CASSYSKEGG_0_562.pdb,0.6610119938850403,0.6336827874183655,0.6537992358207703,0.9296861886978149,0.5447435975074768,0.10879075527191162,0.6540737748146057,0.8219658732414246,0.2866654396057129,0.5763987898826599,0.886375367641449,0.5417426824569702,0.5777920484542847,0.5318126678466797,0.6060644388198853,0.5780609250068665,0.6135320067405701,0.5422033667564392,0.16144470870494843,0.5002886652946472,0.21749036014080048,0.6276249885559082,0.44107216596603394,0.7742061018943787,0.6434727907180786,0.5938847064971924,0.8427820205688477,0.7183272838592529,0.5193619728088379,0.6465099453926086,0.4992431700229645,0.6374319791793823,0.5421619415283203,0.8471479415893555,0.6618669033050537,1.0636550188064575,0.6959794163703918,0.6523939371109009,1.5238298177719116,0.5620300769805908,0.5494282245635986,0.7987351417541504,0.5935965180397034,0.06946055591106415,0.6683029532432556,0.5500843524932861,0.6300053596496582,0.5324342250823975,0.5305047035217285,0.9190679788589478,0.50739586353302,6.87313422531588e-06,0.6058079600334167,0.768258273601532,0.79994797706604,0.6740700602531433,0.638576090335846,0.6304072141647339,0.06276648491621017
/p/project1/hai_1252/toulouse1/flexcraft/data/adapt/full_run_seed/2026-06-27_10:57:16_adapt_full_run_c4_1/3QDG+MAVMAPRTLV+TLMSAMTNL+CALSAPNSGN+CASSYSKEGG_0_479.pdb,0.3348027169704437,0.20310024917125702,0.4389354884624481,0.45752832293510437,0.30513665080070496,0.549411952495575,0.23357468843460083,0.4227350354194641,0.4394588768482208,0.1259172111749649,0.556308388710022,0.19396451115608215,0.18734583258628845,0.21372012794017792,0.1553078293800354,0.1816672384738922,0.17500226199626923,0.2386186420917511,0.5506568551063538,0.2747044265270233,0.5036892890930176,0.35431620478630066,0.41705799102783203,0.2860395312309265,0.3736521601676941,0.2528636157512665,0.5190181136131287,0.5607666969299316,0.2329724133014679,0.3053416311740875,0.2762558162212372,0.5602283477783203,0.2198348045349121,0.5713353157043457,0.2840854823589325,0.6506880521774292,0.4346559941768646,0.3801124393939972,1.1446832418441772,0.22242335975170135,0.13436129689216614,0.4128711223602295,0.29621124267578125,0.5541945099830627,0.3205364942550659,0.18796579539775848,0.21009518206119537,0.3408866226673126,0.213106170296669,0.7151169776916504,0.18645288050174713,0.6058046817779541,2.2702406567987055e-05,0.581855297088623,0.788655161857605,0.3822896182537079,0.3563650846481323,0.23060952126979828,0.5793283581733704
/p/project1/hai_1252/toulouse1/flexcraft/data/adapt/full_run_seed/2026-06-27_10:57:16_adapt_full_run_c4_1/3QDG+MAVMAPRTLV+TLMSAMTNL+CALSAPNSGN+CASSYSKEGG_0_374.pdb,0.3627467155456543,0.5691121816635132,0.39484286308288574,0.5294206738471985,0.46338990330696106,0.7374378442764282,0.48484551906585693,0.7266160845756531,0.6842561364173889,0.5548333525657654,0.3043755888938904,0.5943124890327454,0.5816605091094971,0.4914880394935608,0.5708890557289124,0.6445740461349487,0.5754736661911011,0.5523794889450073,0.762619137763977,0.47720080614089966,0.6310034394264221,0.3943689465522766,0.7476444840431213,0.6063432097434998,0.6114143133163452,0.45946359634399414,0.46194952726364136,0.704098641872406,0.599149227142334,0.5309034585952759,0.6076280474662781,0.6829894185066223,0.6277615427970886,0.43892109394073486,0.6085116863250732,0.9022292494773865,0.45868101716041565,0.34796637296676636,1.280665636062622,0.5493285059928894,0.5897671580314636,0.6083075404167175,0.5188979506492615,0.7351897358894348,0.566087007522583,0.5140940546989441,0.5924347043037415,0.6057719588279724,0.5821250081062317,0.4522063434123993,0.6152917742729187,0.7682589888572693,0.5818567276000977,1.769124901329633e-05,0.9135758876800537,0.4329478442668915,0.6229944229125977,0.6119760870933533,0.7627845406532288
/p/project1/hai_1252/toulouse1/flexcraft/data/adapt/full_run_seed/2026-06-27_10:57:16_adapt_full_run_c4_1/3QDG+MAVMAPRTLV+TLMSAMTNL+CALSAPNSGN+CASSYSKEGG_0_585.pdb,0.8031420707702637,0.7583640813827515,0.848829984664917,1.017177700996399,0.7504117488861084,0.7986919283866882,0.7809949517250061,0.7530450820922852,0.7901222109794617,0.7461326122283936,0.9205858707427979,0.7164544463157654,0.712085485458374,0.6990002393722534,0.7350115776062012,0.7802860736846924,0.7820199131965637,0.6673176884651184,0.775945246219635,0.7414361834526062,0.7854834198951721,0.8272373080253601,0.704327404499054,0.7823160290718079,0.7865367531776428,0.7323904037475586,0.9778614044189453,0.45472681522369385,0.7186407446861267,0.8278014659881592,0.7204325199127197,0.4797736406326294,0.7635717391967773,1.0207242965698242,0.7600814700126648,1.0605857372283936,0.8895225524902344,0.8150691986083984,1.2804173231124878,0.8044150471687317,0.7402498722076416,0.755454421043396,0.7319852709770203,0.7799153327941895,0.8238343596458435,0.7242588400840759,0.8004891872406006,0.8135074973106384,0.705872118473053,0.8995890021324158,0.6972540616989136,0.799948513507843,0.7886572480201721,0.9135754704475403,2.4247014152933843e-05,0.8594226837158203,0.7930163741111755,0.7692663669586182,0.7887268662452698
/p/project1/hai_1252/toulouse1/flexcraft/data/adapt/full_run_seed/2026-06-27_10:57:16_adapt_full_run_c4_1/3QDG+MAVMAPRTLV+TLMSAMTNL+CALSAPNSGN+CASSYSKEGG_0_309.pdb,0.24645359814167023,0.40654808282852173,0.29044634103775024,0.44965890049934387,0.26575812697410583,0.6130503416061401,0.33117103576660156,0.5999916195869446,0.5060990452766418,0.3511578440666199,0.49553126096725464,0.4107854664325714,0.41372838616371155,0.35055920481681824,0.38113439083099365,0.4535615146160126,0.4195396602153778,0.424509197473526,0.6752939224243164,0.3497662842273712,0.5102211833000183,0.22194336354732513,0.6059611439704895,0.4809630215167999,0.40818339586257935,0.3009597361087799,0.36253026127815247,0.6608095765113831,0.4434156119823456,0.26865506172180176,0.4747931659221649,0.6381291747093201,0.4589524567127228,0.40181103348731995,0.4706122577190399,0.8341249823570251,0.13903725147247314,0.2710323631763458,1.2630951404571533,0.3974730670452118,0.3838045597076416,0.5812216401100159,0.3208346962928772,0.6337109804153442,0.3236802816390991,0.3234592080116272,0.44393303990364075,0.3434150516986847,0.40054982900619507,0.5605757832527161,0.4273113012313843,0.6740716695785522,0.3822891116142273,0.43294695019721985,0.8594239950180054,8.685090506332926e-06,0.3886169493198395,0.3735327124595642,0.6601613163948059
/p/project1/hai_1252/toulouse1/flexcraft/data/adapt/full_run_seed/2026-06-27_10:57:16_adapt_full_run_c4_1/3QDG+MAVMAPRTLV+TLMSAMTNL+CALSAPNSGN+CASSYSKEGG_0_240.pdb,0.37919604778289795,0.3905124366283417,0.5208918452262878,0.5716143846511841,0.2643771469593048,0.5677663087844849,0.39670467376708984,0.5231587886810303,0.40884289145469666,0.2667377293109894,0.6390243172645569,0.35396990180015564,0.372908353805542,0.32086560130119324,0.34393247961997986,0.39570993185043335,0.3685864210128784,0.36434704065322876,0.6160221695899963,0.4514862596988678,0.5130628347396851,0.4156581461429596,0.4444030225276947,0.42753303050994873,0.28369390964508057,0.2796040177345276,0.5755941867828369,0.6136016845703125,0.441845566034317,0.20487754046916962,0.3829736113548279,0.573985755443573,0.42970094084739685,0.6560980677604675,0.4814351797103882,0.7599078416824341,0.4764128625392914,0.4290596842765808,1.138808250427246,0.42554837465286255,0.30571162700653076,0.5065597295761108,0.18300369381904602,0.5922948718070984,0.1625329554080963,0.2683979570865631,0.4204944968223572,0.22788110375404358,0.38700568675994873,0.765304446220398,0.3175359070301056,0.6385766267776489,0.35636600852012634,0.6229905486106873,0.7930160164833069,0.38861867785453796,1.4763031686015893e-05,0.19373396039009094,0.6119839549064636
/p/project1/hai_1252/toulouse1/flexcraft/data/adapt/full_run_seed/2026-06-27_10:57:16_adapt_full_run_c4_1/3QDG+MAVMAPRTLV+TLMSAMTNL+CALSAPNSGN+CASSYSKEGG_0_307.pdb,0.36656418442726135,0.3050176203250885,0.5136093497276306,0.5002973079681396,0.2874864935874939,0.5641629099845886,0.31693729758262634,0.44031259417533875,0.42030107975006104,0.15350042283535004,0.5858155488967896,0.27932944893836975,0.285482794046402,0.25700294971466064,0.24976377189159393,0.2960699200630188,0.28452104330062866,0.2759278118610382,0.5870717167854309,0.38665664196014404,0.5172393321990967,0.4094524383544922,0.41439998149871826,0.3135959208011627,0.29464277625083923,0.25788483023643494,0.5455767512321472,0.5669185519218445,0.34846147894859314,0.20430999994277954,0.2908991873264313,0.547778308391571,0.33605727553367615,0.6270506381988525,0.3617566227912903,0.6839104294776917,0.4579938054084778,0.42640891671180725,1.1072443723678589,0.3599579930305481,0.21251019835472107,0.4247286915779114,0.19032512605190277,0.5827000737190247,0.20850902795791626,0.20176081359386444,0.340291827917099,0.24994494020938873,0.30428823828697205,0.7468630075454712,0.23075631260871887,0.6304043531417847,0.2306155264377594,0.6119751930236816,0.7692707180976868,0.37353387475013733,0.1937352418899536,1.2117605365347117e-05,0.6044888496398926
/p/project1/hai_1252/toulouse1/flexcraft/data/adapt/full_run_seed/2026-06-27_10:57:16_adapt_full_run_c4_1/3QDG+MAVMAPRTLV+TLMSAMTNL+CALSAPNSGN+CASSYSKEGG_0_455.pdb,0.6421031951904297,0.6087284088134766,0.6415332555770874,0.9087330102920532,0.5246585607528687,0.10323500633239746,0.6329239010810852,0.7971366047859192,0.26037198305130005,0.5501189231872559,0.8750424981117249,0.5150494575500488,0.5514411330223083,0.5115929841995239,0.5805556774139404,0.5486327409744263,0.5856372714042664,0.5191311240196228,0.14191779494285583,0.4839978814125061,0.21542181074619293,0.6109048128128052,0.4191286861896515,0.7504757046699524,0.6193500757217407,0.5723134875297546,0.8285210728645325,0.7012923359870911,0.4967714250087738,0.6233723163604736,0.477194219827652,0.6222877502441406,0.5166288018226624,0.8352817893028259,0.646882951259613,1.039965271949768,0.6838297247886658,0.6377281546592712,1.4953572750091553,0.5335850715637207,0.5218380093574524,0.7777051329612732,0.5718359351158142,0.04634751006960869,0.6412771344184875,0.5268847942352295,0.6009812951087952,0.5102347731590271,0.5084710717201233,0.9097974300384521,0.47996342182159424,0.06276620179414749,0.5793304443359375,0.7627865076065063,0.7887254357337952,0.6601624488830566,0.6119861006736755,0.6044822931289673,1.2789314496330917e-05