,/p/project1/hai_1252/toulouse1/flexcraft/data/adapt/adapt_tuning_adapt_config_4/1OGA+MAVMAPRTLV+TLMSAMTNL+CAVNTGNQFY+CASSRGTAGN_0_15.pdb,/p/project1/hai_1252/toulouse1/flexcraft/data/adapt/adapt_tuning_adapt_config_4/5EU6+MAVMAPRTLV+TLMSAMTNL+CAASIDSSAS+CASSEGRDGT_0_1.pdb,/p/project1/hai_1252/toulouse1/flexcraft/data/adapt/adapt_tuning_adapt_config_4/7N2R+MAVMAPRTLV+TLMSAMTNL+CAVEDRVGDK+CASSFRGQGN_0_0.pdb,/p/project1/hai_1252/toulouse1/flexcraft/data/adapt/adapt_tuning_adapt_config_4/1OGA+MAVMAPRTLV+TLMSAMTNL+CAVNTGNQFY+CASSRGTAGN_0_5.pdb,/p/project1/hai_1252/toulouse1/flexcraft/data/adapt/adapt_tuning_adapt_config_4/7OW6+MAVMAPRTLV+TLMSAMTNL+CAVQVDQAGT+CATGEYEKLF_0_4.pdb,/p/project1/hai_1252/toulouse1/flexcraft/data/adapt/adapt_tuning_adapt_config_4/1OGA+MAVMAPRTLV+TLMSAMTNL+CAVNTGNQFY+CASSRGTAGN_0_7.pdb,/p/project1/hai_1252/toulouse1/flexcraft/data/adapt/adapt_tuning_adapt_config_4/1OGA+MAVMAPRTLV+TLMSAMTNL+CAVNTGNQFY+CASSRGTAGN_0_11.pdb,/p/project1/hai_1252/toulouse1/flexcraft/data/adapt/adapt_tuning_adapt_config_4/7OW6+MAVMAPRTLV+TLMSAMTNL+CAVQVDQAGT+CATGEYEKLF_0_2.pdb,/p/project1/hai_1252/toulouse1/flexcraft/data/adapt/adapt_tuning_adapt_config_4/7OW6+MAVMAPRTLV+TLMSAMTNL+CAVQVDQAGT+CATGEYEKLF_0_1.pdb,/p/project1/hai_1252/toulouse1/flexcraft/data/adapt/adapt_tuning_adapt_config_4/7RRG+MAVMAPRTLV+TLMSAMTNL+CAYGGSEKLV+CASSLGLTGA_0_0.pdb,/p/project1/hai_1252/toulouse1/flexcraft/data/adapt/adapt_tuning_adapt_config_4/7OW6+MAVMAPRTLV+TLMSAMTNL+CAVQVDQAGT+CATGEYEKLF_0_5.pdb,/p/project1/hai_1252/toulouse1/flexcraft/data/adapt/adapt_tuning_adapt_config_4/1OGA+MAVMAPRTLV+TLMSAMTNL+CAVNTGNQFY+CASSRGTAGN_0_6.pdb,/p/project1/hai_1252/toulouse1/flexcraft/data/adapt/adapt_tuning_adapt_config_4/5BS0+MAVMAPRTLV+TLMSAMTNL+CIVRNSGGYQ+CASSPGTGGN_0_0.pdb,/p/project1/hai_1252/toulouse1/flexcraft/data/adapt/adapt_tuning_adapt_config_4/1OGA+MAVMAPRTLV+TLMSAMTNL+CAVNTGNQFY+CASSRGTAGN_0_18.pdb,/p/project1/hai_1252/toulouse1/flexcraft/data/adapt/adapt_tuning_adapt_config_4/3GSN+MAVMAPRTLV+TLMSAMTNL+CAAAIQGAQK+CASSPADTQY_0_0.pdb,/p/project1/hai_1252/toulouse1/flexcraft/data/adapt/adapt_tuning_adapt_config_4/1OGA+MAVMAPRTLV+TLMSAMTNL+CAVNTGNQFY+CASSRGTAGN_0_10.pdb,/p/project1/hai_1252/toulouse1/flexcraft/data/adapt/adapt_tuning_adapt_config_4/1OGA+MAVMAPRTLV+TLMSAMTNL+CAVNTGNQFY+CASSRGTAGN_0_4.pdb,/p/project1/hai_1252/toulouse1/flexcraft/data/adapt/adapt_tuning_adapt_config_4/1OGA+MAVMAPRTLV+TLMSAMTNL+CAVNTGNQFY+CASSRGTAGN_0_13.pdb,/p/project1/hai_1252/toulouse1/flexcraft/data/adapt/adapt_tuning_adapt_config_4/1OGA+MAVMAPRTLV+TLMSAMTNL+CAVNTGNQFY+CASSRGTAGN_0_14.pdb,/p/project1/hai_1252/toulouse1/flexcraft/data/adapt/adapt_tuning_adapt_config_4/1OGA+MAVMAPRTLV+TLMSAMTNL+CAVNTGNQFY+CASSRGTAGN_0_17.pdb,/p/project1/hai_1252/toulouse1/flexcraft/data/adapt/adapt_tuning_adapt_config_4/1OGA+MAVMAPRTLV+TLMSAMTNL+CAVNTGNQFY+CASSRGTAGN_0_1.pdb,/p/project1/hai_1252/toulouse1/flexcraft/data/adapt/adapt_tuning_adapt_config_4/7OW6+MAVMAPRTLV+TLMSAMTNL+CALRPNTGFQ+CASSLAETAN_0_0.pdb,/p/project1/hai_1252/toulouse1/flexcraft/data/adapt/adapt_tuning_adapt_config_4/7OW6+MAVMAPRTLV+TLMSAMTNL+CAVQVDQAGT+CATGEYEKLF_0_3.pdb,/p/project1/hai_1252/toulouse1/flexcraft/data/adapt/adapt_tuning_adapt_config_4/3QDG+MAVMAPRTLV+TLMSAMTNL+CAVRLTGLTG+CASSIAGAWD_0_0.pdb,/p/project1/hai_1252/toulouse1/flexcraft/data/adapt/adapt_tuning_adapt_config_4/1OGA+MAVMAPRTLV+TLMSAMTNL+CVVSVPSGGG+CASSLAFGGS_0_0.pdb,/p/project1/hai_1252/toulouse1/flexcraft/data/adapt/adapt_tuning_adapt_config_4/7OW6+MAVMAPRTLV+TLMSAMTNL+CAVQVDQAGT+CATGEYEKLF_0_6.pdb,/p/project1/hai_1252/toulouse1/flexcraft/data/adapt/adapt_tuning_adapt_config_4/1OGA+MAVMAPRTLV+TLMSAMTNL+CAVNTGNQFY+CASSRGTAGN_0_16.pdb,/p/project1/hai_1252/toulouse1/flexcraft/data/adapt/adapt_tuning_adapt_config_4/7OW6+MAVMAPRTLV+TLMSAMTNL+CAVQVDQAGT+CATGEYEKLF_0_10.pdb,/p/project1/hai_1252/toulouse1/flexcraft/data/adapt/adapt_tuning_adapt_config_4/7N2R+MAVMAPRTLV+TLMSAMTNL+CAAAGMGGYN+CASGSTDTQY_0_0.pdb,/p/project1/hai_1252/toulouse1/flexcraft/data/adapt/adapt_tuning_adapt_config_4/5EU6+MAVMAPRTLV+TLMSAMTNL+CAVANAGNML+CASSSGTGES_0_0.pdb,/p/project1/hai_1252/toulouse1/flexcraft/data/adapt/adapt_tuning_adapt_config_4/1OGA+MAVMAPRTLV+TLMSAMTNL+CAVNTGNQFY+CASSRGTAGN_0_9.pdb,/p/project1/hai_1252/toulouse1/flexcraft/data/adapt/adapt_tuning_adapt_config_4/7OW6+MAVMAPRTLV+TLMSAMTNL+CAVQVDQAGT+CATGEYEKLF_0_8.pdb,/p/project1/hai_1252/toulouse1/flexcraft/data/adapt/adapt_tuning_adapt_config_4/3QDG+MAVMAPRTLV+TLMSAMTNL+CAVTLNTGFQ+CASSLEAAPG_0_0.pdb,/p/project1/hai_1252/toulouse1/flexcraft/data/adapt/adapt_tuning_adapt_config_4/1OGA+MAVMAPRTLV+TLMSAMTNL+CAVNTGNQFY+CASSRGTAGN_0_8.pdb,/p/project1/hai_1252/toulouse1/flexcraft/data/adapt/adapt_tuning_adapt_config_4/1OGA+MAVMAPRTLV+TLMSAMTNL+CAVNTGNQFY+CASSRGTAGN_0_0.pdb,/p/project1/hai_1252/toulouse1/flexcraft/data/adapt/adapt_tuning_adapt_config_4/1OGA+MAVMAPRTLV+TLMSAMTNL+CAVNTGNQFY+CASSRGTAGN_0_12.pdb,/p/project1/hai_1252/toulouse1/flexcraft/data/adapt/adapt_tuning_adapt_config_4/7OW6+MAVMAPRTLV+TLMSAMTNL+CAVQVDQAGT+CATGEYEKLF_0_0.pdb,/p/project1/hai_1252/toulouse1/flexcraft/data/adapt/adapt_tuning_adapt_config_4/7OW6+MAVMAPRTLV+TLMSAMTNL+CAVQVDQAGT+CATGEYEKLF_0_7.pdb,/p/project1/hai_1252/toulouse1/flexcraft/data/adapt/adapt_tuning_adapt_config_4/3GSN+MAVMAPRTLV+TLMSAMTNL+CAVVNNAGNM+CASSRGGGPH_0_0.pdb,/p/project1/hai_1252/toulouse1/flexcraft/data/adapt/adapt_tuning_adapt_config_4/1OGA+MAVMAPRTLV+TLMSAMTNL+CAVNTGNQFY+CASSRGTAGN_0_3.pdb,/p/project1/hai_1252/toulouse1/flexcraft/data/adapt/adapt_tuning_adapt_config_4/1OGA+MAVMAPRTLV+TLMSAMTNL+CAVNTGNQFY+CASSRGTAGN_0_2.pdb,/p/project1/hai_1252/toulouse1/flexcraft/data/adapt/adapt_tuning_adapt_config_4/5BS0+MAVMAPRTLV+TLMSAMTNL+CAVNARGSSN+CASSFRAPNR_0_0.pdb,/p/project1/hai_1252/toulouse1/flexcraft/data/adapt/adapt_tuning_adapt_config_4/5EU6+MAVMAPRTLV+TLMSAMTNL+CAASIDSSAS+CASSEGRDGT_0_0.pdb,/p/project1/hai_1252/toulouse1/flexcraft/data/adapt/adapt_tuning_adapt_config_4/7N2R+MAVMAPRTLV+TLMSAMTNL+CAAAGMGGYN+CASGSTDTQY_0_1.pdb,/p/project1/hai_1252/toulouse1/flexcraft/data/adapt/adapt_tuning_adapt_config_4/7RRG+MAVMAPRTLV+TLMSAMTNL+CAVRGNSGYA+CASSAVGNTE_0_0.pdb,/p/project1/hai_1252/toulouse1/flexcraft/data/adapt/adapt_tuning_adapt_config_4/7OW6+MAVMAPRTLV+TLMSAMTNL+CAVQVDQAGT+CATGEYEKLF_0_9.pdb
/p/project1/hai_1252/toulouse1/flexcraft/data/adapt/adapt_tuning_adapt_config_4/1OGA+MAVMAPRTLV+TLMSAMTNL+CAVNTGNQFY+CASSRGTAGN_0_15.pdb,9.224244422512129e-06,19.29869270324707,17.419973373413086,0.4518473744392395,18.162662506103516,0.6319633722305298,1.090004563331604,18.1507568359375,18.167308807373047,15.1035795211792,18.14306640625,0.640245258808136,18.936548233032227,1.2721378803253174,14.85874080657959,0.6908854842185974,0.3928118050098419,0.5382859706878662,0.8985231518745422,1.2478485107421875,0.7383038997650146,21.087987899780273,18.155996322631836,20.02811622619629,17.881567001342773,18.19645118713379,1.0838695764541626,18.144350051879883,15.172042846679688,17.235305786132812,1.0150359869003296,18.18097496032715,17.680519104003906,0.9225804805755615,1.006360411643982,0.7375912666320801,18.198060989379883,18.159536361694336,18.095142364501953,0.3060017228126526,0.7535476088523865,21.27889060974121,19.281801223754883,15.10471248626709,15.314786911010742,18.176406860351562
/p/project1/hai_1252/toulouse1/flexcraft/data/adapt/adapt_tuning_adapt_config_4/5EU6+MAVMAPRTLV+TLMSAMTNL+CAASIDSSAS+CASSEGRDGT_0_1.pdb,19.29868507385254,8.730207810003776e-06,10.927431106567383,19.273216247558594,9.737276077270508,19.259946823120117,19.244295120239258,9.731680870056152,9.758035659790039,11.59711742401123,9.774067878723145,19.26179313659668,8.836121559143066,19.238752365112305,15.659241676330566,19.25210952758789,19.276182174682617,19.270395278930664,19.253143310546875,19.244487762451172,19.276803970336914,8.648872375488281,9.822857856750488,7.601067066192627,11.723241806030273,9.8887300491333,19.24128532409668,9.771392822265625,12.941435813903809,7.026337146759033,19.228906631469727,9.853687286376953,10.553138732910156,19.240520477294922,19.228042602539062,19.271249771118164,9.798968315124512,9.803317070007324,9.475765228271484,19.291200637817383,19.269241333007812,10.192649841308594,1.0188605785369873,12.92323112487793,15.21711540222168,9.846521377563477
/p/project1/hai_1252/toulouse1/flexcraft/data/adapt/adapt_tuning_adapt_config_4/7N2R+MAVMAPRTLV+TLMSAMTNL+CAVEDRVGDK+CASSFRGQGN_0_0.pdb,17.419967651367188,10.9274320602417,7.887458195909858e-06,17.37129020690918,9.16181468963623,17.440555572509766,17.318044662475586,9.164810180664062,9.130974769592285,9.000834465026855,9.22529125213623,17.360462188720703,8.068696975708008,17.321414947509766,10.210140228271484,17.41766357421875,17.39420509338379,17.408910751342773,17.392887115478516,17.31354331970215,17.45150375366211,12.90015697479248,9.216368675231934,10.283506393432617,7.204123497009277,9.239766120910645,17.303022384643555,9.09003734588623,10.652750968933105,8.635138511657715,17.32246971130371,9.218194007873535,6.562623023986816,17.327014923095703,17.302248001098633,17.36713981628418,9.155184745788574,9.252178192138672,7.3313679695129395,17.42985725402832,17.262184143066406,13.48391342163086,11.030354499816895,10.881678581237793,12.636273384094238,9.19500732421875
/p/project1/hai_1252/toulouse1/flexcraft/data/adapt/adapt_tuning_adapt_config_4/1OGA+MAVMAPRTLV+TLMSAMTNL+CAVNTGNQFY+CASSRGTAGN_0_5.pdb,0.4518526494503021,19.273223876953125,17.371286392211914,1.3892109564039856e-05,18.10158348083496,0.48431509733200073,0.899023711681366,18.089916229248047,18.106435775756836,15.053783416748047,18.084774017333984,0.6064485907554626,18.87236976623535,1.1728768348693848,14.71989631652832,0.5983813405036926,0.44888776540756226,0.5572616457939148,0.8554918766021729,1.1625367403030396,0.6938796043395996,21.067869186401367,18.0983829498291,20.001792907714844,17.856521606445312,18.137128829956055,0.9940193891525269,18.083524703979492,15.016518592834473,17.197349548339844,0.7635526657104492,18.122034072875977,17.618783950805664,0.7798820734024048,0.9105163216590881,0.6464176177978516,18.138948440551758,18.100563049316406,18.0501651763916,0.4401860535144806,0.6811367273330688,21.27335548400879,19.259552001953125,14.955292701721191,15.133133888244629,18.117013931274414
/p/project1/hai_1252/toulouse1/flexcraft/data/adapt/adapt_tuning_adapt_config_4/7OW6+MAVMAPRTLV+TLMSAMTNL+CAVQVDQAGT+CATGEYEKLF_0_4.pdb,18.16266441345215,9.737274169921875,9.161816596984863,18.101585388183594,5.901547410758212e-06,18.120023727416992,18.033151626586914,0.2310604453086853,0.24526701867580414,11.362018585205078,0.402693510055542,18.097368240356445,8.209997177124023,18.032974243164062,12.879947662353516,18.1116943359375,18.126522064208984,18.12970733642578,18.092512130737305,18.032304763793945,18.182403564453125,9.529373168945312,0.6239057183265686,9.52258586883545,11.211698532104492,0.7206000089645386,18.03078269958496,0.3886776268482208,10.6058988571167,8.862648963928223,18.042055130004883,0.6392369866371155,9.138762474060059,18.059764862060547,18.098011016845703,18.106212615966797,0.4872790575027466,0.46205049753189087,9.783114433288574,18.16853904724121,18.087589263916016,12.118731498718262,9.832817077636719,10.632652282714844,13.775359153747559,0.5108846426010132
/p/project1/hai_1252/toulouse1/flexcraft/data/adapt/adapt_tuning_adapt_config_4/1OGA+MAVMAPRTLV+TLMSAMTNL+CAVNTGNQFY+CASSRGTAGN_0_7.pdb,0.6319692730903625,19.25994110107422,17.440553665161133,0.4843142032623291,18.12002944946289,1.7675876733846962e-05,0.9362712502479553,18.108915328979492,18.126596450805664,15.066976547241211,18.102876663208008,0.7021010518074036,18.907611846923828,1.1614422798156738,14.818159103393555,0.5732324123382568,0.6209119558334351,0.5899800658226013,0.8551340699195862,1.169158935546875,0.8192993402481079,21.077083587646484,18.118547439575195,20.030004501342773,17.939476013183594,18.156116485595703,1.0371450185775757,18.103744506835938,15.038921356201172,17.19487190246582,0.7869436144828796,18.140914916992188,17.641878128051758,0.7198513150215149,1.0982698202133179,0.6779191493988037,18.159177780151367,18.118867874145508,18.080312728881836,0.647054135799408,0.8714428544044495,21.291973114013672,19.246719360351562,14.97258186340332,15.126848220825195,18.135997772216797
/p/project1/hai_1252/toulouse1/flexcraft/data/adapt/adapt_tuning_adapt_config_4/1OGA+MAVMAPRTLV+TLMSAMTNL+CAVNTGNQFY+CASSRGTAGN_0_11.pdb,1.0900039672851562,19.24429702758789,17.31804847717285,0.899019181728363,18.03314781188965,0.9362708926200867,1.429102303518448e-05,18.02300453186035,18.039621353149414,14.9486722946167,18.01544952392578,0.6249513626098633,18.791393280029297,0.6078906655311584,14.599220275878906,0.6627128720283508,0.8305599093437195,0.7587642073631287,0.7478325963020325,0.6279751062393188,1.3721182346343994,21.051294326782227,18.029470443725586,19.98662757873535,17.852609634399414,18.067054748535156,0.5397561192512512,18.018661499023438,14.794787406921387,17.133840560913086,0.3443026542663574,18.052480697631836,17.47520637512207,0.5710329413414001,1.2392154932022095,0.6278084516525269,18.070022583007812,18.03179168701172,17.940961837768555,1.1684824228286743,1.042919397354126,21.278966903686523,19.23764419555664,14.722618103027344,14.80914306640625,18.04825782775879
/p/project1/hai_1252/toulouse1/flexcraft/data/adapt/adapt_tuning_adapt_config_4/7OW6+MAVMAPRTLV+TLMSAMTNL+CAVQVDQAGT+CATGEYEKLF_0_2.pdb,18.150760650634766,9.731680870056152,9.164807319641113,18.08991241455078,0.23105758428573608,18.10892105102539,18.02300262451172,1.8400312910671346e-05,0.23401255905628204,11.359167098999023,0.4369048476219177,18.08592414855957,8.259525299072266,18.022905349731445,12.888833999633789,18.100427627563477,18.114696502685547,18.118526458740234,18.081233978271484,18.022008895874023,18.170040130615234,9.556700706481934,0.6985933780670166,9.540210723876953,11.198158264160156,0.8451060652732849,18.020183563232422,0.3522094488143921,10.620555877685547,8.85881233215332,18.031686782836914,0.7713525295257568,9.178264617919922,18.049137115478516,18.085847854614258,18.09528350830078,0.5355470776557922,0.5705241560935974,9.808038711547852,18.15618896484375,18.075916290283203,12.146100044250488,9.817619323730469,10.649778366088867,13.796648979187012,0.6423963308334351
/p/project1/hai_1252/toulouse1/flexcraft/data/adapt/adapt_tuning_adapt_config_4/7OW6+MAVMAPRTLV+TLMSAMTNL+CAVQVDQAGT+CATGEYEKLF_0_1.pdb,18.16730499267578,9.758030891418457,9.130975723266602,18.106447219848633,0.2452632635831833,18.126598358154297,18.039621353149414,0.23401543498039246,1.0346607268729713e-05,11.375471115112305,0.48888489603996277,18.102766036987305,8.217643737792969,18.039627075195312,12.86301326751709,18.118356704711914,18.131610870361328,18.13583755493164,18.09814453125,18.038471221923828,18.187782287597656,9.527910232543945,0.6444387435913086,9.520292282104492,11.171466827392578,0.795889675617218,18.036453247070312,0.4200059473514557,10.625201225280762,8.885424613952637,18.04900360107422,0.7316741943359375,9.156580924987793,18.066099166870117,18.102787017822266,18.11163330078125,0.40961453318595886,0.5725319981575012,9.783356666564941,18.17328453063965,18.091228485107422,12.099241256713867,9.84862232208252,10.656364440917969,13.79561710357666,0.6059879660606384
/p/project1/hai_1252/toulouse1/flexcraft/data/adapt/adapt_tuning_adapt_config_4/7RRG+MAVMAPRTLV+TLMSAMTNL+CAYGGSEKLV+CASSLGLTGA_0_0.pdb,15.103570938110352,11.59711742401123,9.000831604003906,15.053786277770996,11.362021446228027,15.066972732543945,14.94866943359375,11.359166145324707,11.375471115112305,8.237969268520828e-06,11.367907524108887,15.003900527954102,10.588071823120117,14.935439109802246,12.653247833251953,15.025835037231445,15.050653457641602,15.045180320739746,15.021047592163086,14.939532279968262,15.091282844543457,14.76340389251709,11.387296676635742,12.63681411743164,9.741056442260742,11.434402465820312,14.944558143615723,11.377654075622559,11.675509452819824,8.144156455993652,14.937888145446777,11.414608001708984,8.718688011169434,14.947697639465332,14.946349143981934,15.01159954071045,11.386360168457031,11.395218849182129,8.770319938659668,15.098302841186523,14.95982837677002,15.4927396774292,11.596708297729492,11.699679374694824,10.690814971923828,11.411802291870117
/p/project1/hai_1252/toulouse1/flexcraft/data/adapt/adapt_tuning_adapt_config_4/7OW6+MAVMAPRTLV+TLMSAMTNL+CAVQVDQAGT+CATGEYEKLF_0_5.pdb,18.143062591552734,9.774067878723145,9.22529411315918,18.084774017333984,0.4026939570903778,18.102876663208008,18.01544761657715,0.43690696358680725,0.48888635635375977,11.36790657043457,6.805092198192142e-06,18.078157424926758,8.176021575927734,18.012056350708008,12.903997421264648,18.093372344970703,18.10757064819336,18.110029220581055,18.073348999023438,18.011003494262695,18.168479919433594,9.467575073242188,0.4290217459201813,9.503413200378418,11.221338272094727,0.5148735642433167,18.01026725769043,0.5880675315856934,10.633636474609375,8.879096031188965,18.025991439819336,0.48294156789779663,9.099568367004395,18.04140853881836,18.08485221862793,18.086944580078125,0.5234624147415161,0.25381383299827576,9.72877311706543,18.151140213012695,18.070974349975586,12.056628227233887,9.861684799194336,10.644673347473145,13.783855438232422,0.38366472721099854
/p/project1/hai_1252/toulouse1/flexcraft/data/adapt/adapt_tuning_adapt_config_4/1OGA+MAVMAPRTLV+TLMSAMTNL+CAVNTGNQFY+CASSRGTAGN_0_6.pdb,0.6402446627616882,19.26179313659668,17.36046028137207,0.6064473986625671,18.097373962402344,0.7020953297615051,0.6249541640281677,18.085912704467773,18.102766036987305,15.003900527954102,18.078163146972656,6.04079741606256e-06,18.86069107055664,0.7037369012832642,14.72374153137207,0.3174002766609192,0.3131825029850006,0.26189255714416504,0.4948892295360565,0.6781705617904663,1.0984060764312744,21.066221237182617,18.092432022094727,19.99425506591797,17.84282875061035,18.132049560546875,0.5091726183891296,18.08097267150879,14.979242324829102,17.168996810913086,0.6066664457321167,18.117305755615234,17.560081481933594,0.4499954879283905,1.0452256202697754,0.41793081164360046,18.133188247680664,18.09527587890625,17.994796752929688,0.7691823244094849,0.8481898307800293,21.27220916748047,19.24979019165039,14.906429290771484,15.047739028930664,18.11221694946289
/p/project1/hai_1252/toulouse1/flexcraft/data/adapt/adapt_tuning_adapt_config_4/5BS0+MAVMAPRTLV+TLMSAMTNL+CIVRNSGGYQ+CASSPGTGGN_0_0.pdb,18.936552047729492,8.836122512817383,8.068693161010742,18.87236213684082,8.20999526977539,18.907617568969727,18.79140281677246,8.259527206420898,8.217637062072754,10.588069915771484,8.176012992858887,18.860700607299805,2.317941834917292e-05,18.774694442749023,12.48541259765625,18.890249252319336,18.900737762451172,18.89389419555664,18.863075256347656,18.773488998413086,18.993867874145508,9.829791069030762,8.10045051574707,7.937816619873047,7.987154006958008,8.03633975982666,18.77872657775879,8.240253448486328,10.727209091186523,7.131430625915527,18.803089141845703,8.06617259979248,6.930151462554932,18.815275192260742,18.888242721557617,18.85173988342285,8.14454460144043,8.143260955810547,5.202430725097656,18.959993362426758,18.84402084350586,10.243362426757812,9.047968864440918,10.737030029296875,13.16456127166748,8.092369079589844
/p/project1/hai_1252/toulouse1/flexcraft/data/adapt/adapt_tuning_adapt_config_4/1OGA+MAVMAPRTLV+TLMSAMTNL+CAVNTGNQFY+CASSRGTAGN_0_18.pdb,1.272138237953186,19.23874855041504,17.321414947509766,1.172879934310913,18.03297233581543,1.1614469289779663,0.6078786849975586,18.022905349731445,18.039636611938477,14.935437202453613,18.01206398010254,0.703738808631897,18.774688720703125,1.0322702109988313e-05,14.628823280334473,0.8024751543998718,0.9875757694244385,0.8581333756446838,0.7402001023292542,0.14247383177280426,1.708846092224121,21.028499603271484,18.026479721069336,19.95067596435547,17.823604583740234,18.06353759765625,0.2811720669269562,18.01944351196289,14.805316925048828,17.123188018798828,0.7722119092941284,18.050626754760742,17.429798126220703,0.6152345538139343,1.560302734375,0.6646165251731873,18.067039489746094,18.029277801513672,17.889205932617188,1.421440839767456,1.3291810750961304,21.243772506713867,19.23306655883789,14.722271919250488,14.785355567932129,18.045499801635742
/p/project1/hai_1252/toulouse1/flexcraft/data/adapt/adapt_tuning_adapt_config_4/3GSN+MAVMAPRTLV+TLMSAMTNL+CAAAIQGAQK+CASSPADTQY_0_0.pdb,14.858741760253906,15.659235954284668,10.2101469039917,14.719883918762207,12.879948616027832,14.818164825439453,14.599222183227539,12.88883113861084,12.863012313842773,12.653254508972168,12.903986930847168,14.723738670349121,12.485411643981934,14.628838539123535,2.6510957468417473e-05,14.789756774902344,14.785881042480469,14.80547046661377,14.766210556030273,14.620049476623535,14.864435195922852,17.044937133789062,12.877913475036621,14.972877502441406,12.517027854919434,12.872540473937988,14.611860275268555,12.850276947021484,8.691762924194336,13.070877075195312,14.605879783630371,12.876689910888672,10.665761947631836,14.646660804748535,14.648992538452148,14.726191520690918,12.874934196472168,12.904688835144043,11.64323902130127,14.854242324829102,14.599569320678711,17.434255599975586,15.721053123474121,8.939189910888672,10.631998062133789,12.870262145996094
/p/project1/hai_1252/toulouse1/flexcraft/data/adapt/adapt_tuning_adapt_config_4/1OGA+MAVMAPRTLV+TLMSAMTNL+CAVNTGNQFY+CASSRGTAGN_0_10.pdb,0.6908865571022034,19.252113342285156,17.417659759521484,0.5983825325965881,18.111690521240234,0.5732308030128479,0.6627145409584045,18.100431442260742,18.11836051940918,15.025836944580078,18.093379974365234,0.3173980712890625,18.89025115966797,0.8024776577949524,14.789752960205078,9.084412340598647e-06,0.41351422667503357,0.2675088942050934,0.5560526251792908,0.8074988126754761,1.0158792734146118,21.0779972076416,18.10930061340332,20.026931762695312,17.910964965820312,18.147937774658203,0.6745789647102356,18.096412658691406,14.992693901062012,17.172502517700195,0.5496233701705933,18.133235931396484,17.600271224975586,0.5047190189361572,1.0513097047805786,0.5259379148483276,18.149871826171875,18.110042572021484,18.03573989868164,0.7607212662696838,0.9480961561203003,21.292736053466797,19.24028778076172,14.921091079711914,15.050870895385742,18.127899169921875
/p/project1/hai_1252/toulouse1/flexcraft/data/adapt/adapt_tuning_adapt_config_4/1OGA+MAVMAPRTLV+TLMSAMTNL+CAVNTGNQFY+CASSRGTAGN_0_4.pdb,0.3928132653236389,19.27617645263672,17.394207000732422,0.44888561964035034,18.12651824951172,0.6209153532981873,0.830559492111206,18.114694595336914,18.131608963012695,15.050652503967285,18.10756492614746,0.31318312883377075,18.900737762451172,0.9875733256340027,14.785884857177734,0.4135134518146515,8.260371942014899e-06,0.28468501567840576,0.6555383205413818,0.9612677097320557,0.8726730346679688,21.07930564880371,18.12156105041504,20.0183162689209,17.86508560180664,18.161693572998047,0.7930782437324524,18.109460830688477,15.062321662902832,17.196382522583008,0.7669897675514221,18.146339416503906,17.627552032470703,0.6646189093589783,0.9469237923622131,0.566159725189209,18.16254234313965,18.124330520629883,18.05025863647461,0.4972318410873413,0.7761977314949036,21.283039093017578,19.261764526367188,14.993215560913086,15.170845031738281,18.141504287719727
/p/project1/hai_1252/toulouse1/flexcraft/data/adapt/adapt_tuning_adapt_config_4/1OGA+MAVMAPRTLV+TLMSAMTNL+CAVNTGNQFY+CASSRGTAGN_0_13.pdb,0.5382859110832214,19.270401000976562,17.408906936645508,0.557256817817688,18.129701614379883,0.5899865627288818,0.758764922618866,18.118520736694336,18.13583755493164,15.045182228088379,18.11003303527832,0.2618955671787262,18.89389991760254,0.8581275343894958,14.805464744567871,0.26750728487968445,0.2846866846084595,1.0473517249920405e-05,0.556068480014801,0.8554177284240723,0.9843444228172302,21.076801300048828,18.12447738647461,20.018171310424805,17.88934326171875,18.163410186767578,0.7025370001792908,18.113569259643555,15.048510551452637,17.191381454467773,0.6741423606872559,18.14885711669922,17.60747718811035,0.5438299775123596,1.0341989994049072,0.5029720664024353,18.166278839111328,18.126604080200195,18.036903381347656,0.6596434116363525,0.8777376413345337,21.278610229492188,19.257068634033203,14.975375175476074,15.12657642364502,18.143884658813477
/p/project1/hai_1252/toulouse1/flexcraft/data/adapt/adapt_tuning_adapt_config_4/1OGA+MAVMAPRTLV+TLMSAMTNL+CAVNTGNQFY+CASSRGTAGN_0_14.pdb,0.898522675037384,19.253145217895508,17.39289093017578,0.8554883003234863,18.092498779296875,0.8551336526870728,0.7478306293487549,18.08123016357422,18.098148345947266,15.0210542678833,18.073352813720703,0.49488964676856995,18.863073348999023,0.7402015924453735,14.766215324401855,0.5560529828071594,0.6555398106575012,0.5560681223869324,8.551683094992768e-06,0.7184543609619141,1.3184674978256226,21.054685592651367,18.087764739990234,19.998916625976562,17.875810623168945,18.127302169799805,0.6108669638633728,18.075986862182617,14.982464790344238,17.164674758911133,0.762444019317627,18.112836837768555,17.571880340576172,0.6465376019477844,1.2724506855010986,0.5454854369163513,18.128358840942383,18.090608596801758,18.004730224609375,1.024082899093628,1.1242148876190186,21.262168884277344,19.241539001464844,14.906295776367188,15.048234939575195,18.10731315612793
/p/project1/hai_1252/toulouse1/flexcraft/data/adapt/adapt_tuning_adapt_config_4/1OGA+MAVMAPRTLV+TLMSAMTNL+CAVNTGNQFY+CASSRGTAGN_0_17.pdb,1.2478516101837158,19.244483947753906,17.313547134399414,1.1625372171401978,18.03230857849121,1.1691597700119019,0.6279687881469727,18.022005081176758,18.038482666015625,14.939532279968262,18.011005401611328,0.6781681776046753,18.773475646972656,0.14247655868530273,14.620041847229004,0.8074960112571716,0.9612690210342407,0.8554203510284424,0.7184538841247559,1.8241828001919203e-05,1.710201382637024,21.025461196899414,18.0250244140625,19.944385528564453,17.806814193725586,18.062427520751953,0.230416402220726,18.018312454223633,14.817940711975098,17.126047134399414,0.8058691620826721,18.0494384765625,17.43181610107422,0.6230263710021973,1.5553483963012695,0.6511145234107971,18.065582275390625,18.028345108032227,17.887144088745117,1.4056379795074463,1.305809497833252,21.238021850585938,19.238449096679688,14.735087394714355,14.811589241027832,18.044355392456055
/p/project1/hai_1252/toulouse1/flexcraft/data/adapt/adapt_tuning_adapt_config_4/1OGA+MAVMAPRTLV+TLMSAMTNL+CAVNTGNQFY+CASSRGTAGN_0_1.pdb,0.7383071780204773,19.27680015563965,17.451505661010742,0.6938791275024414,18.182395935058594,0.819298505783081,1.3721199035644531,18.1700382232666,18.187793731689453,15.09128189086914,18.16847801208496,1.0984021425247192,18.993871688842773,1.7088505029678345,14.864434242248535,1.0158743858337402,0.8726797699928284,0.9843416213989258,1.3184672594070435,1.7102023363113403,6.637118076469051e-06,21.14362907409668,18.184120178222656,20.096277236938477,17.973163604736328,18.225868225097656,1.5402562618255615,18.165010452270508,15.147942543029785,17.232967376708984,1.1801564693450928,18.208087921142578,17.747074127197266,1.2491482496261597,0.7331246137619019,1.2039908170700073,18.224225997924805,18.184764862060547,18.174150466918945,0.4652859568595886,0.8417652249336243,21.36626625061035,19.257957458496094,15.094661712646484,15.293639183044434,18.203582763671875
/p/project1/hai_1252/toulouse1/flexcraft/data/adapt/adapt_tuning_adapt_config_4/7OW6+MAVMAPRTLV+TLMSAMTNL+CALRPNTGFQ+CASSLAETAN_0_0.pdb,21.087984085083008,8.648873329162598,12.900157928466797,21.067874908447266,9.529369354248047,21.077091217041016,21.051294326782227,9.556700706481934,9.527909278869629,14.76340103149414,9.467577934265137,21.06621742248535,9.829794883728027,21.028488159179688,17.044933319091797,21.078004837036133,21.07929229736328,21.076799392700195,21.054677963256836,21.02545928955078,21.14362335205078,2.0483159460127354e-05,9.428458213806152,6.877102851867676,12.795672416687012,9.385494232177734,21.023635864257812,9.570844650268555,15.56138801574707,11.59152603149414,21.056758880615234,9.407252311706543,12.370871543884277,21.051645278930664,21.103918075561523,21.073266983032227,9.441375732421875,9.451713562011719,11.286421775817871,21.10869026184082,21.073551177978516,5.984687328338623,8.812393188476562,15.533262252807617,17.529083251953125,9.428300857543945
/p/project1/hai_1252/toulouse1/flexcraft/data/adapt/adapt_tuning_adapt_config_4/7OW6+MAVMAPRTLV+TLMSAMTNL+CAVQVDQAGT+CATGEYEKLF_0_3.pdb,18.156002044677734,9.822860717773438,9.2163724899292,18.098390579223633,0.6239060759544373,18.118553161621094,18.02946662902832,0.6985901594161987,0.6444426774978638,11.387296676635742,0.4290275275707245,18.092435836791992,8.100445747375488,18.026485443115234,12.877908706665039,18.109298706054688,18.12155532836914,18.12447738647461,18.0877685546875,18.0250186920166,18.18411636352539,9.428452491760254,8.09121866041096e-06,9.518251419067383,11.198417663574219,0.43006929755210876,18.023815155029297,0.8112415671348572,10.642040252685547,8.919516563415527,18.041316986083984,0.41882237792015076,9.08548355102539,18.056005477905273,18.099319458007812,18.101036071777344,0.5184184908866882,0.3430047035217285,9.69652271270752,18.165369033813477,18.082717895507812,11.986205101013184,9.915512084960938,10.649157524108887,13.78544807434082,0.42416951060295105
/p/project1/hai_1252/toulouse1/flexcraft/data/adapt/adapt_tuning_adapt_config_4/3QDG+MAVMAPRTLV+TLMSAMTNL+CAVRLTGLTG+CASSIAGAWD_0_0.pdb,20.028104782104492,7.601072788238525,10.2835111618042,20.00179100036621,9.522584915161133,20.03000259399414,19.98662757873535,9.540213584899902,9.520291328430176,12.636811256408691,9.50340747833252,19.994247436523438,7.9378204345703125,19.950679779052734,14.972881317138672,20.026926040649414,20.01831817626953,20.018171310424805,19.9989070892334,19.94439125061035,20.096282958984375,6.877102375030518,9.518250465393066,9.995828804676421e-06,9.778036117553711,9.463298797607422,19.942813873291016,9.513877868652344,13.988985061645508,10.180160522460938,19.988704681396484,9.482081413269043,9.474671363830566,19.97098159790039,20.027450561523438,19.993614196777344,9.481064796447754,9.517367362976074,8.792925834655762,20.053091049194336,19.978544235229492,7.709379196166992,7.818439960479736,14.01979923248291,15.611695289611816,9.464567184448242
/p/project1/hai_1252/toulouse1/flexcraft/data/adapt/adapt_tuning_adapt_config_4/1OGA+MAVMAPRTLV+TLMSAMTNL+CVVSVPSGGG+CASSLAFGGS_0_0.pdb,17.881561279296875,11.723245620727539,7.204120635986328,17.85651969909668,11.21169662475586,17.93947982788086,17.85260772705078,11.198158264160156,11.171472549438477,9.741056442260742,11.221331596374512,17.842824935913086,7.987147331237793,17.8236026763916,12.517024040222168,17.91097068786621,17.865087509155273,17.88933563232422,17.875804901123047,17.806814193725586,17.973167419433594,12.795673370361328,11.19841480255127,9.778039932250977,1.274055648536887e-05,11.21007251739502,17.79703712463379,11.128009796142578,13.33636474609375,9.091296195983887,17.86286735534668,11.214635848999023,8.920981407165527,17.836503982543945,17.85222053527832,17.862199783325195,11.163215637207031,11.234539031982422,7.158316612243652,17.907426834106445,17.77434539794922,12.80863094329834,11.840567588806152,13.459373474121094,14.075471878051758,11.183684349060059
/p/project1/hai_1252/toulouse1/flexcraft/data/adapt/adapt_tuning_adapt_config_4/7OW6+MAVMAPRTLV+TLMSAMTNL+CAVQVDQAGT+CATGEYEKLF_0_6.pdb,18.19645118713379,9.888728141784668,9.239766120910645,18.137134552001953,0.7205896377563477,18.15612030029297,18.06705665588379,0.8451050519943237,0.7958951592445374,11.434399604797363,0.5148664712905884,18.132043838500977,8.036336898803711,18.06353759765625,12.872535705566406,18.147937774658203,18.16168212890625,18.16340446472168,18.12730598449707,18.062429428100586,18.22587013244629,9.385497093200684,0.4300655126571655,9.463297843933105,11.210065841674805,9.763429261511192e-06,18.062000274658203,0.9076129794120789,10.655542373657227,8.979548454284668,18.07859230041504,0.276468425989151,9.022737503051758,18.094009399414062,18.14261817932129,18.139446258544922,0.6711399555206299,0.3573450744152069,9.66329574584961,18.206443786621094,18.12421417236328,11.948504447937012,9.988317489624023,10.661264419555664,13.765198707580566,0.28085243701934814
/p/project1/hai_1252/toulouse1/flexcraft/data/adapt/adapt_tuning_adapt_config_4/1OGA+MAVMAPRTLV+TLMSAMTNL+CAVNTGNQFY+CASSRGTAGN_0_16.pdb,1.0838719606399536,19.24128532409668,17.303024291992188,0.9940186142921448,18.030776977539062,1.0371387004852295,0.5397631525993347,18.020191192626953,18.036449432373047,14.944561004638672,18.010263442993164,0.5091692209243774,18.778730392456055,0.28117209672927856,14.611865997314453,0.674584150314331,0.7930787205696106,0.7025346159934998,0.6108661890029907,0.23041462898254395,1.5402590036392212,21.02363395690918,18.0238094329834,19.942813873291016,17.797029495239258,18.062009811401367,5.590556611423381e-06,18.015817642211914,14.83561897277832,17.127473831176758,0.6895785927772522,18.048595428466797,17.4449405670166,0.4965077042579651,1.3863120079040527,0.5340859293937683,18.064502716064453,18.02745819091797,17.89832305908203,1.23434317111969,1.1402136087417603,21.236711502075195,19.233449935913086,14.756139755249023,14.85036849975586,18.043535232543945
/p/project1/hai_1252/toulouse1/flexcraft/data/adapt/adapt_tuning_adapt_config_4/7OW6+MAVMAPRTLV+TLMSAMTNL+CAVQVDQAGT+CATGEYEKLF_0_10.pdb,18.144357681274414,9.77139663696289,9.090042114257812,18.083541870117188,0.3886759281158447,18.10373878479004,18.01865577697754,0.3522052764892578,0.4200046956539154,11.377657890319824,0.5880659818649292,18.080976486206055,8.240248680114746,18.019447326660156,12.850281715393066,18.09641456604004,18.10945701599121,18.11356544494629,18.075984954833984,18.018312454223633,18.165014266967773,9.570841789245605,0.8112414479255676,9.513880729675293,11.12801456451416,0.907616913318634,18.015819549560547,6.285148174356436e-06,10.660977363586426,8.882797241210938,18.027645111083984,0.8166831135749817,9.191693305969238,18.04493522644043,18.081558227539062,18.089258193969727,0.6782262325286865,0.693232536315918,9.820189476013184,18.150432586669922,18.06966781616211,12.131147384643555,9.855613708496094,10.69491195678711,13.856739044189453,0.6790595650672913
/p/project1/hai_1252/toulouse1/flexcraft/data/adapt/adapt_tuning_adapt_config_4/7N2R+MAVMAPRTLV+TLMSAMTNL+CAAAGMGGYN+CASGSTDTQY_0_0.pdb,15.172043800354004,12.941431999206543,10.652751922607422,15.01651668548584,10.605899810791016,15.038920402526855,14.79478645324707,10.620558738708496,10.625200271606445,11.675504684448242,10.633636474609375,14.979246139526367,10.727210998535156,14.805317878723145,8.691760063171387,14.992693901062012,15.062331199645996,15.048514366149902,14.982462882995605,14.817935943603516,15.147939682006836,15.561391830444336,10.64204216003418,13.988981246948242,13.336359024047852,10.655539512634277,14.835618019104004,10.660968780517578,7.693166480748914e-06,10.632856369018555,14.805419921875,10.65444278717041,9.745262145996094,14.876350402832031,14.965034484863281,14.967458724975586,10.647943496704102,10.63674545288086,11.074225425720215,15.163520812988281,14.97904109954834,16.31144142150879,13.04798412322998,0.7485678791999817,7.445349216461182,10.655533790588379
/p/project1/hai_1252/toulouse1/flexcraft/data/adapt/adapt_tuning_adapt_config_4/5EU6+MAVMAPRTLV+TLMSAMTNL+CAVANAGNML+CASSSGTGES_0_0.pdb,17.235313415527344,7.026338577270508,8.635137557983398,17.197351455688477,8.862652778625488,17.19487762451172,17.133846282958984,8.85881233215332,8.88542652130127,8.14415454864502,8.879094123840332,17.169002532958984,7.131425380706787,17.123188018798828,13.070876121520996,17.172500610351562,17.19638442993164,17.191387176513672,17.1646671295166,17.12603759765625,17.232967376708984,11.591525077819824,8.919516563415527,10.180156707763672,9.091297149658203,8.979549407958984,17.127477645874023,8.882798194885254,10.632853507995605,1.225147661898518e-05,17.128236770629883,8.947905540466309,8.369558334350586,17.142532348632812,17.156021118164062,17.173919677734375,8.91952133178711,8.909600257873535,6.839351654052734,17.233627319335938,17.178401947021484,12.694886207580566,7.057541847229004,10.612959861755371,12.562623023986816,8.940836906433105
/p/project1/hai_1252/toulouse1/flexcraft/data/adapt/adapt_tuning_adapt_config_4/1OGA+MAVMAPRTLV+TLMSAMTNL+CAVNTGNQFY+CASSRGTAGN_0_9.pdb,1.0150333642959595,19.228904724121094,17.322465896606445,0.7635520696640015,18.042062759399414,0.7869453430175781,0.34430739283561707,18.031686782836914,18.049001693725586,14.937880516052246,18.02598762512207,0.6066652536392212,18.80308723449707,0.7722005844116211,14.60588550567627,0.5496221780776978,0.7669909000396729,0.67414790391922,0.7624420523643494,0.8058661222457886,1.1801576614379883,21.0567626953125,18.04131317138672,19.98870086669922,17.86286163330078,18.078590393066406,0.6895806193351746,18.02764129638672,14.805415153503418,17.128236770629883,4.9433256208430976e-06,18.063865661621094,17.48674774169922,0.5265257358551025,1.067239761352539,0.6493667364120483,18.08127784729004,18.04203987121582,17.954626083374023,1.0400111675262451,0.9478657841682434,21.287612915039062,19.220998764038086,14.738188743591309,14.812559127807617,18.059200286865234
/p/project1/hai_1252/toulouse1/flexcraft/data/adapt/adapt_tuning_adapt_config_4/7OW6+MAVMAPRTLV+TLMSAMTNL+CAVQVDQAGT+CATGEYEKLF_0_8.pdb,18.180978775024414,9.853691101074219,9.218189239501953,18.12203598022461,0.6392367482185364,18.140918731689453,18.05247688293457,0.7713538408279419,0.7316823601722717,11.414609909057617,0.48295149207115173,18.117305755615234,8.066169738769531,18.050622940063477,12.876688003540039,18.133230209350586,18.146329879760742,18.148862838745117,18.112834930419922,18.0494384765625,18.20808219909668,9.407249450683594,0.41882434487342834,9.482076644897461,11.21463680267334,0.2764659523963928,18.048601150512695,0.8166854381561279,10.654441833496094,8.947906494140625,18.063859939575195,1.1710238140949514e-05,9.055707931518555,18.079843521118164,18.12468147277832,18.125022888183594,0.6545270681381226,0.34127897024154663,9.693071365356445,18.190013885498047,18.10780143737793,11.975420951843262,9.953221321105957,10.663883209228516,13.78547477722168,0.27284184098243713
/p/project1/hai_1252/toulouse1/flexcraft/data/adapt/adapt_tuning_adapt_config_4/3QDG+MAVMAPRTLV+TLMSAMTNL+CAVTLNTGFQ+CASSLEAAPG_0_0.pdb,17.680526733398438,10.553139686584473,6.5626220703125,17.618783950805664,9.138764381408691,17.64187240600586,17.475208282470703,9.178260803222656,9.156578063964844,8.7186861038208,9.099564552307129,17.560081481933594,6.930150508880615,17.42979621887207,10.665760040283203,17.60027503967285,17.627546310424805,17.607471466064453,17.571882247924805,17.431819915771484,17.7470703125,12.370872497558594,9.085484504699707,9.474672317504883,8.920982360839844,9.022735595703125,17.44493865966797,9.19168472290039,9.745264053344727,8.36955738067627,17.486753463745117,9.055705070495605,1.4155529242998455e-05,17.48940086364746,17.587661743164062,17.551542282104492,9.088635444641113,9.10128116607666,5.346891403198242,17.711000442504883,17.538362503051758,12.913558006286621,10.729482650756836,9.776573181152344,10.509446144104004,9.064885139465332
/p/project1/hai_1252/toulouse1/flexcraft/data/adapt/adapt_tuning_adapt_config_4/1OGA+MAVMAPRTLV+TLMSAMTNL+CAVNTGNQFY+CASSRGTAGN_0_8.pdb,0.9225801825523376,19.240530014038086,17.3270206451416,0.7798832654953003,18.05975914001465,0.7198536992073059,0.5710312724113464,18.04913902282715,18.06609535217285,14.947701454162598,18.04140281677246,0.44999420642852783,18.815275192260742,0.6152346134185791,14.646659851074219,0.504719078540802,0.6646186709403992,0.5438287854194641,0.6465388536453247,0.6230289936065674,1.249147653579712,21.0516414642334,18.056013107299805,19.970985412597656,17.836502075195312,18.094003677368164,0.4965028762817383,18.044937133789062,14.876347541809082,17.14253044128418,0.526526689529419,18.07984733581543,17.489404678344727,1.0764081707748119e-05,1.1302533149719238,0.5246683359146118,18.09687042236328,18.05807113647461,17.945903778076172,1.0138438940048218,0.9007909893989563,21.26972770690918,19.231243133544922,14.803059577941895,14.894699096679688,18.074953079223633
/p/project1/hai_1252/toulouse1/flexcraft/data/adapt/adapt_tuning_adapt_config_4/1OGA+MAVMAPRTLV+TLMSAMTNL+CAVNTGNQFY+CASSRGTAGN_0_0.pdb,1.0063621997833252,19.22804069519043,17.302257537841797,0.9105164408683777,18.098012924194336,1.0982710123062134,1.2392146587371826,18.085847854614258,18.1027774810791,14.946352005004883,18.08484649658203,1.04522705078125,18.88825035095215,1.5602989196777344,14.648996353149414,1.0513112545013428,0.9469254612922668,1.034197449684143,1.2724474668502808,1.555344820022583,0.7331236004829407,21.103927612304688,18.09932518005371,20.027450561523438,17.852224349975586,18.142620086669922,1.3863139152526855,18.081562042236328,14.965034484863281,17.156017303466797,1.067240595817566,18.124683380126953,17.587650299072266,1.1302547454833984,7.824795829947107e-06,1.240450382232666,18.139354705810547,18.101726531982422,18.036279678344727,0.8377022743225098,0.7536116242408752,21.33824348449707,19.211170196533203,14.911337852478027,15.057631492614746,18.120647430419922
/p/project1/hai_1252/toulouse1/flexcraft/data/adapt/adapt_tuning_adapt_config_4/1OGA+MAVMAPRTLV+TLMSAMTNL+CAVNTGNQFY+CASSRGTAGN_0_12.pdb,0.7375898957252502,19.27125358581543,17.36713981628418,0.6464138031005859,18.106218338012695,0.6779182553291321,0.627808690071106,18.095291137695312,18.111629486083984,15.011608123779297,18.086942672729492,0.4179338216781616,18.85173797607422,0.6646205186843872,14.726187705993652,0.5259382128715515,0.5661593675613403,0.5029719471931458,0.5454862713813782,0.6511152982711792,1.2039936780929565,21.073261260986328,18.10103988647461,19.99361801147461,17.862201690673828,18.139448165893555,0.5340902805328369,18.08925437927246,14.967451095581055,17.17392349243164,0.6493595242500305,18.125028610229492,17.551538467407227,0.5246676802635193,1.2404518127441406,1.7629683497943915e-05,18.14139747619629,18.10417366027832,17.993017196655273,0.8959259390830994,0.919444739818573,21.271621704101562,19.26045036315918,14.89355754852295,15.025158882141113,18.119930267333984
/p/project1/hai_1252/toulouse1/flexcraft/data/adapt/adapt_tuning_adapt_config_4/7OW6+MAVMAPRTLV+TLMSAMTNL+CAVQVDQAGT+CATGEYEKLF_0_0.pdb,18.198062896728516,9.798966407775879,9.155181884765625,18.13894271850586,0.4872801601886749,18.159175872802734,18.07002067565918,0.535545289516449,0.4096145033836365,11.386357307434082,0.5234643816947937,18.133195877075195,8.144546508789062,18.067041397094727,12.874930381774902,18.149873733520508,18.16254234313965,18.16628074645996,18.12836265563965,18.065587997436523,18.224231719970703,9.44137954711914,0.5184152722358704,9.481063842773438,11.163212776184082,0.6711370348930359,18.064510345458984,0.6782260537147522,10.647950172424316,8.919520378112793,18.08127784729004,0.6545271277427673,9.08863353729248,18.09687042236328,18.139354705810547,18.14139747619629,1.9414796042838134e-05,0.5428592562675476,9.71721076965332,18.206279754638672,18.123807907104492,12.015527725219727,9.892107963562012,10.670792579650879,13.772406578063965,0.5578777194023132
/p/project1/hai_1252/toulouse1/flexcraft/data/adapt/adapt_tuning_adapt_config_4/7OW6+MAVMAPRTLV+TLMSAMTNL+CAVQVDQAGT+CATGEYEKLF_0_7.pdb,18.159534454345703,9.803314208984375,9.252179145812988,18.100568771362305,0.46205538511276245,18.118864059448242,18.03179359436035,0.5705388188362122,0.5725290179252625,11.395220756530762,0.2538128197193146,18.09527587890625,8.14326286315918,18.029277801513672,12.904688835144043,18.11004066467285,18.12433433532715,18.126604080200195,18.090606689453125,18.028350830078125,18.184770584106445,9.45171070098877,0.34300491213798523,9.517364501953125,11.234539985656738,0.35734033584594727,18.027454376220703,0.6932300329208374,10.636743545532227,8.909599304199219,18.04203224182129,0.34127920866012573,9.101276397705078,18.05807113647461,18.101726531982422,18.104177474975586,0.5428478121757507,6.213635970198084e-06,9.730646133422852,18.167694091796875,18.087678909301758,12.036961555480957,9.89965534210205,10.645715713500977,13.78027057647705,0.2736746370792389
/p/project1/hai_1252/toulouse1/flexcraft/data/adapt/adapt_tuning_adapt_config_4/3GSN+MAVMAPRTLV+TLMSAMTNL+CAVVNNAGNM+CASSRGGGPH_0_0.pdb,18.095142364501953,9.475764274597168,7.331366539001465,18.050168991088867,9.78311538696289,18.080322265625,17.940959930419922,9.808038711547852,9.78336238861084,8.77031421661377,9.728774070739746,17.994783401489258,5.202430248260498,17.889202117919922,11.643234252929688,18.035734176635742,18.050264358520508,18.03689956665039,18.004728317260742,17.887136459350586,18.174152374267578,11.286425590515137,9.696521759033203,8.792927742004395,7.158318519592285,9.663294792175293,17.898326873779297,9.820189476013184,11.074227333068848,6.839356899261475,17.954622268676758,9.693073272705078,5.346891403198242,17.94590950012207,18.036277770996094,17.99301528930664,9.717212677001953,9.730646133422852,1.4197035852703266e-05,18.125944137573242,17.98382568359375,11.544246673583984,9.622166633605957,11.059385299682617,11.947656631469727,9.707154273986816
/p/project1/hai_1252/toulouse1/flexcraft/data/adapt/adapt_tuning_adapt_config_4/1OGA+MAVMAPRTLV+TLMSAMTNL+CAVNTGNQFY+CASSRGTAGN_0_3.pdb,0.30600374937057495,19.291202545166016,17.42984962463379,0.44018375873565674,18.16853904724121,0.6470515131950378,1.168483018875122,18.156198501586914,18.173280715942383,15.098301887512207,18.151151657104492,0.7691838145256042,18.959993362426758,1.4214379787445068,14.854242324829102,0.7607219219207764,0.49722835421562195,0.6596463322639465,1.0240793228149414,1.405641794204712,0.4652877151966095,21.108692169189453,18.165374755859375,20.0530948638916,17.90743064880371,18.206430435180664,1.2343401908874512,18.15043067932129,15.163521766662598,17.233627319335938,1.0400084257125854,18.190019607543945,17.71100425720215,1.0138442516326904,0.8377059698104858,0.895925760269165,18.20627784729004,18.167707443237305,18.125947952270508,1.1321121746732388e-05,0.7146126627922058,21.3132266998291,19.273271560668945,15.102264404296875,15.312833786010742,18.185314178466797
/p/project1/hai_1252/toulouse1/flexcraft/data/adapt/adapt_tuning_adapt_config_4/1OGA+MAVMAPRTLV+TLMSAMTNL+CAVNTGNQFY+CASSRGTAGN_0_2.pdb,0.7535455226898193,19.269241333007812,17.26218605041504,0.6811386942863464,18.087583541870117,0.8714395761489868,1.0429191589355469,18.07592010498047,18.09122085571289,14.959830284118652,18.07097625732422,0.8481897115707397,18.84401512145996,1.3291800022125244,14.599567413330078,0.9480959177017212,0.7761977314949036,0.8777366280555725,1.1242153644561768,1.3058139085769653,0.8417631387710571,21.073549270629883,18.08270835876465,19.978548049926758,17.774343490600586,18.12421417236328,1.1402082443237305,18.06966781616211,14.979037284851074,17.17840003967285,0.9478663206100464,18.107803344726562,17.538360595703125,0.9007901549339294,0.7536106705665588,0.9194441437721252,18.123804092407227,18.087677001953125,17.98382568359375,0.7146126627922058,1.1197202184121124e-05,21.28683853149414,19.25358009338379,14.920223236083984,15.06461238861084,18.10411262512207
/p/project1/hai_1252/toulouse1/flexcraft/data/adapt/adapt_tuning_adapt_config_4/5BS0+MAVMAPRTLV+TLMSAMTNL+CAVNARGSSN+CASSFRAPNR_0_0.pdb,21.27889060974121,10.19265365600586,13.483908653259277,21.273357391357422,12.118732452392578,21.29197120666504,21.278963088989258,12.146105766296387,12.099241256713867,15.492733001708984,12.056632041931152,21.2722110748291,10.243364334106445,21.243776321411133,17.434261322021484,21.292743682861328,21.28304100036621,21.27861213684082,21.262163162231445,21.23801612854004,21.36627197265625,5.984687805175781,11.986200332641602,7.709381580352783,12.808638572692871,11.948508262634277,21.23670768737793,12.131144523620605,16.31144142150879,12.694884300231934,21.28761863708496,11.975423812866211,12.913562774658203,21.269731521606445,21.338245391845703,21.271615982055664,12.015531539916992,12.036961555480957,11.544248580932617,21.3132266998291,21.28683853149414,9.993675121222623e-06,10.373485565185547,16.27808952331543,17.991378784179688,11.997403144836426
/p/project1/hai_1252/toulouse1/flexcraft/data/adapt/adapt_tuning_adapt_config_4/5EU6+MAVMAPRTLV+TLMSAMTNL+CAASIDSSAS+CASSEGRDGT_0_0.pdb,19.281803131103516,1.018860936164856,11.03035831451416,19.25955581665039,9.832815170288086,19.246719360351562,19.23764991760254,9.817622184753418,9.848621368408203,11.596707344055176,9.861687660217285,19.249792098999023,9.04796314239502,19.233062744140625,15.721052169799805,19.24028778076172,19.261754989624023,19.25706672668457,19.24154281616211,19.238454818725586,19.25796127319336,8.812396049499512,9.915513038635254,7.818441867828369,11.840571403503418,9.988316535949707,19.23344612121582,9.855609893798828,13.047981262207031,7.057541370391846,19.22099494934082,9.953219413757324,10.72948169708252,19.231243133544922,19.21116828918457,19.26045036315918,9.892110824584961,9.899659156799316,9.62216854095459,19.273271560668945,19.25358009338379,10.373480796813965,9.21363607631065e-06,13.029423713684082,15.342836380004883,9.94526195526123
/p/project1/hai_1252/toulouse1/flexcraft/data/adapt/adapt_tuning_adapt_config_4/7N2R+MAVMAPRTLV+TLMSAMTNL+CAAAGMGGYN+CASGSTDTQY_0_1.pdb,15.104711532592773,12.923230171203613,10.881673812866211,14.955291748046875,10.632646560668945,14.972576141357422,14.722615242004395,10.649778366088867,10.656367301940918,11.69968032836914,10.644675254821777,14.9064302444458,10.737029075622559,14.722273826599121,8.939192771911621,14.9210844039917,14.99321174621582,14.97537899017334,14.906295776367188,14.735095024108887,15.094667434692383,15.5332612991333,10.649157524108887,14.019804954528809,13.459369659423828,10.661263465881348,14.756132125854492,10.69490909576416,0.7485694289207458,10.612964630126953,14.738190650939941,10.663875579833984,9.776573181152344,14.803061485290527,14.911348342895508,14.893563270568848,10.67078971862793,10.645718574523926,11.059382438659668,15.102262496948242,14.920218467712402,16.27808952331543,13.02942180633545,2.3736585717415437e-05,7.44227933883667,10.668603897094727
/p/project1/hai_1252/toulouse1/flexcraft/data/adapt/adapt_tuning_adapt_config_4/7RRG+MAVMAPRTLV+TLMSAMTNL+CAVRGNSGYA+CASSAVGNTE_0_0.pdb,15.314787864685059,15.21711254119873,12.636277198791504,15.133131980895996,13.775355339050293,15.126852989196777,14.809148788452148,13.796643257141113,13.795618057250977,10.690814018249512,13.783858299255371,15.047746658325195,13.164557456970215,14.785359382629395,10.631998062133789,15.050868034362793,15.170848846435547,15.126581192016602,15.048239707946777,14.811594009399414,15.293643951416016,17.529085159301758,13.785449028015137,15.611701011657715,14.07547664642334,13.765193939208984,14.850373268127441,13.856739044189453,7.445354461669922,12.56261920928955,14.812554359436035,13.785482406616211,10.509451866149902,14.894700050354004,15.057632446289062,15.025171279907227,13.772412300109863,13.780274391174316,11.947657585144043,15.31283187866211,15.064621925354004,17.991376876831055,15.342836380004883,7.442282199859619,1.3686449165106751e-05,13.790836334228516
/p/project1/hai_1252/toulouse1/flexcraft/data/adapt/adapt_tuning_adapt_config_4/7OW6+MAVMAPRTLV+TLMSAMTNL+CAVQVDQAGT+CATGEYEKLF_0_9.pdb,18.176406860351562,9.846521377563477,9.19500732421875,18.11701011657715,0.510894238948822,18.136001586914062,18.048259735107422,0.6424104571342468,0.6059963703155518,11.411800384521484,0.383674681186676,18.112211227416992,8.092360496520996,18.045495986938477,12.87026596069336,18.12790298461914,18.141502380371094,18.143896102905273,18.107315063476562,18.044347763061523,18.203584671020508,9.428305625915527,0.4241711497306824,9.464567184448242,11.183676719665527,0.28084778785705566,18.043537139892578,0.6790553331375122,10.655531883239746,8.94083309173584,18.059202194213867,0.2728419899940491,9.064886093139648,18.074947357177734,18.120641708374023,18.119932174682617,0.5578628778457642,0.27367594838142395,9.7071533203125,18.185314178466797,18.10411262512207,11.997401237487793,9.945259094238281,10.668600082397461,13.79083251953125,2.3062008040142246e-05